Workbook

Sheet sheet1
A1: 基地 | B1: SN | C1: 机型名 | D1: 套餐名 | E1: 订单号 | F1: 报错时间 | G1: 当前工站 | H1: 报错测试项 | I1: 日志内容 | J1: 是否录入维修 | K1: 不良维度3 | L1: 维修动作 | M1: 分类 | N1: 备注 | O1: 处理人
A2: 9000 | B2: 6102265104304987 | C2: G230-DM-2 | D2: B8621-IBDD2O | E2: 30228728 | F2: 2026-05-10 11:58:21 | G2: 老化测试 | H2: [字节]Changsha reboot 测试 | I2: Program KILLED BY TIMEOUT Killed by timeout max second 3600
A3: 9000 | B3: 6102265104304951 | C3: G230-DM-2 | D3: B8621-IBDD2O | E3: 30228526 | F3: 2026-05-10 13:00:25 | G3: 老化测试 | H3: [字节]Changsha BIOS BMC恢复默认设置 | I3: Program KILLED BY TIMEOUT Killed by timeout max second 600
A4: 9000 | B4: 6102228404313006 | C4: G220B-2G1BxxM-T | D4: SH10T1-3E42GA-S | E4: 30228126 | F4: 2026-05-10 16:45:50 | G4: 初检前测 | H4: [客户定制][字节]黑白名单检查_前测 | I4: 7 05102026 080229 Power Supply B0PSU2Supply Power Supply AC lost Deasserted 8 05102026 080229 Power Supply B0PSU2Supply AC outofrange but present Deasserted 9 05102026 080232 Power Supply B0PSU0Supply Power Supply AC lost Deasserted a 05102026 080232 Power Supply B0PSU0Supply AC outofrange but present Deasserted 3 05102026 080116 Power Supply B0PSU0Supply Power Supply AC lost Asserted 5 05102026 080116 Power Supply B0PSU2Supply Power Supply AC lost As
A5: 9000 | B5: 6102228404310028 | C5: G220B-2G1BxxM-T | D5: SH10T1-3E42GA-S | E5: 30228124 | F5: 2026-05-09 07:13:18 | G5: 初检前测 | H5: [客户定制][字节]黑白名单检查_前测 | I5: import 01000 15b3197b LinkCap 320GTs x16 LinkSta 320GTs x16 import 02000 15b3197b LinkCap 320GTs x16 LinkSta 320GTs x16 import 02030 15b3197b LinkCap 320GTs x16 LinkSta 320GTs x16 import 03000 15b3a2dc LinkCap 320GTs x16 LinkSta 320GTs x16 import 03001 15b3a2dc LinkCap 320GTs x16 LinkSta 320GTs x16 import 04000 15b3197b LinkCap 320GTs x16 LinkSta 320GTs x16 import 05000 15b3197b LinkCap 320GTs x2 LinkSta 80GTs x2 | J5: 是 | K5: 停用字节_黑白名单检查_前测_PCIE链路报错 | L5: =VLOOKUP(B5,Sheet2!F:Z,12) -> 更换数据线 | M5: 疑似接触不良问题
A6: 9000 | B6: 6102117004309929 | C6: G220-BM | D6: S80D1-I9ED2M | E6: 30228519 | F6: 2026-05-09 10:39:05 | G6: 老化测试 | H6: [客户定制][字节] EGS REBOOT测试 2LOOP | I6: Sat May 9 103751 2026 smpapictimerinterrupt0x680x120 Sat May 9 103751 2026 apictimerinterrupt0xf0x20 Sat May 9 103751 2026 r8152 2210 eth2 Tx timeout May 9 103751 bytedancehostv13 kernel 56368874 C9 smpapictimerinterrupt0x680x120 May 9 103751 bytedancehostv13 kernel 56368875 C9 apictimerinterrupt0xf0x20 May 9 103751 bytedancehostv13 kernel 56385022 C9 r8152 2210 eth2 Tx timeout check black list fail LAST LOOP Check fail
A7: 9000 | B7: 6102117004309930 | C7: G220-BM | D7: S80D1-I9ED2M | E7: 30228519 | F7: 2026-05-09 10:42:15 | G7: 老化测试 | H7: [客户定制][字节] EGS AC测试 10LOOP | I7: Sat May 9 104138 2026 xhcihcd 000000140 WARN Set TR Deq Ptr cmd failed due to incorrect slot or ep state May 9 104139 bytedancehostv13 kernel 107264522 C39 xhcihcd 000000140 WARN Set TR Deq Ptr cmd failed due to incorrect slot or ep state check black list first fail custom toutiao task fail
A8: 9000 | B8: 6102117004312875 | C8: G220-BM | D8: S80D1-I9ED2M | E8: 30228520 | F8: 2026-05-10 07:24:15 | G8: 老化测试 | H8: [客户定制][字节] EGS AC测试 10LOOP | I8: Sun May 10 072239 2026 r8152 2210 eth2 Get ether addr fail Sun May 10 072239 2026 smpapictimerinterrupt0x680x120 Sun May 10 072239 2026 apictimerinterrupt0xf0x20 Sun May 10 072239 2026 r8152 2210 eth2 Tx timeout May 10 072239 bytedancehostv13 kernel 43532717 C11 smpapictimerinterrupt0x680x120 May 10 072239 bytedancehostv13 kernel 43542131 C11 apictimerinterrupt0xf0x20 May 10 072239 bytedancehostv13 kernel 43548249 C11 r8152 2210 eth2 Tx timeout
A9: 9000 | B9: 6102265104304955 | C9: G230-DM-2 | D9: B8621-IBDD2O | E9: 30228526 | F9: 2026-05-10 13:00:49 | G9: 老化测试 | H9: [字节]Changsha BIOS BMC恢复默认设置 | I9: Program KILLED BY TIMEOUT Killed by timeout max second 600
A10: 9000 | B10: 6102228404304258 | C10: G220B-2G1BxxM-T | D10: SH10T1-3E42GA-S | E10: 30228122 | F10: 2026-05-10 22:54:53 | G10: 老化初检 | H10: [客户定制][字节]MEMTESTER与FIO测试 | I10: 9 05102026 040649 Processor CPU1Status Correctable machine check error Asserted 9 05102026 040649 Processor CPU1Status Correctable machine check error Asserted 45 05102026 143849 Power Supply RedundantPSU Redundancy Lost Deasserted 41 05102026 143815 Power Supply RedundantPSU Redundancy Lost Asserted 45 05102026 143849 Power Supply RedundantPSU Redundancy Lost Deasserted 46 05102026 143849 Power Supply RedundantPSU Redundancy Lost Deasserted
A11: 9000 | B11: 6102117004312852 | C11: G220-BM | D11: S80D1-I9ED2M | E11: 30228520 | F11: 2026-05-09 20:05:34 | G11: 初检前测 | H11: 硬件信息检查 | I11: PCI1 Input SN 24003530 device 0x10210x15B30x00210x15B3 Class NA Count 1 PCI Local addr 000017000 LnkCap 32GTsx16 LnkSta 32GTsx8 CPU LnkCap 32GTsx16 not equal PCI Local addr 000017001 LnkCap 32GTsx16 LnkSta 32GTsx8 CPU LnkCap 32GTsx16 not equal PCI1 Local Count 1 PCI1 check result fail PCI check result fail
A12: 9000 | B12: 6102228404322547 | C12: G220B-2G1BxxM-T | D12: SH10T1-3E42GA-S | E12: 30227559 | F12: 2026-05-14 14:36:09 | G12: 初检前测 | H12: [客户定制][字节]黑白名单检查_前测 | I12: 17 05142026 061902 Critical Interrupt PCIEStatus Bus Correctable error BDF 000000 Deasserted 16 05142026 061125 Critical Interrupt PCIEStatus Bus Correctable error BDF 4a0100 Asserted 17 05142026 061902 Critical Interrupt PCIEStatus Bus Correctable error BDF 000000 Deasserted 16 05142026 061125 Critical Interrupt PCIEStatus Bus Correctable error BDF 4a0100 Asserted 17 05142026 061902 Critical Interrupt PCIEStatus Bus Correctable error BDF 000000 Deasserted
A13: 9000 | B13: 6102228404322539 | C13: G220B-2G1BxxM-T | D13: SH10T1-3E42GA-S | E13: 30227559 | F13: 2026-05-14 15:10:06 | G13: 老化初检 | H13: [客户定制][字节]黑白名单检查_前测 | I13: 6 05142026 000851 OEM record cd 00b3dd bacc02030000 Current PCIe devices do not match PCIe topology e 05142026 003833 OEM record cd 00b3dd bacc02030000 Current PCIe devices do not match PCIe topology 3a 05142026 012554 OEM record cd 00b3dd bacc02030000 Current PCIe devices do not match PCIe topology 4d 05142026 015153 OEM record cd 00b3dd bacc02030000 Current PCIe devices do not match PCIe topology 63 05142026 023741 OEM record cd 00b3dd bacc02030000 Current PCI
A14: 9000 | B14: 6102228404315789 | C14: G220B-2G1BxxM-T | D14: SH10T1-3E42GA-S | E14: 30228128 | F14: 2026-05-10 11:56:36 | G14: 初检前测 | H14: [客户定制][字节]黑白名单检查_前测 | I14: Sun May 10 114412 2026 r8152 2210 Direct firmware load for rtlnicrtl8153a3fw failed with error 2 Sun May 10 114412 2026 r8152 2210 Direct firmware load for rtlnicrtl8153a3fw failed with error 2 Sun May 10 114412 2026 r8152 2210 Direct firmware load for rtlnicrtl8153a3fw failed with error 2
A15: 9000 | B15: 6102265104304987 | C15: G230-DM-2 | D15: B8621-IBDD2O | E15: 30228728 | F15: 2026-05-10 18:01:55 | G15: 老化测试 | H15: [字节][QTBQC]HOST关机 | I15: Program KILLED BY TIMEOUT Killed by timeout max second 3600
A16: 9000 | B16: 6102228404301155 | C16: G220B-2G1BxxM-T | D16: SH10T1-3E42GA-S | E16: 30228120 | F16: 2026-05-10 22:10:28 | G16: 老化测试 | H16: [客户定制][字节][TMS/JHS]压力测试 | I16: 230 Bus Correctable error 20260510 200818 mainBlackListTest INFO line616 cmd lsblk ndp awk nvmediskprint 1 20260510 200818 mainBlackListTest INFO line48 Run Cmd lsblk ndp awk nvmediskprint 1 20260510 200818 mainBlackListTest INFO line54 Return 0 20260510 200818 mainBlackListTest INFO line59 output devnvme1n1 Health test FAIL ERROR Health check fail RESULT FAIL End at 20260510 200842 20260510 200907info PCIE 20260510 200907info PACKAGE SH10T13E42GAS FAIL | J16: 是 | K16: 字节_[客户定制][字节][TMS/JHS]压力测试_GPU链路报错 | L16: =VLOOKUP(B16,Sheet2!F:Z,12,0) -> 重插数据线 | M16: 疑似接触不良问题
A17: 9000 | B17: 6102228404315807 | C17: G220-BM | E17: 30228128 | F17: 2026-05-10 23:28:32 | G17: 老化初检 | H17: [客户定制][字节]BF3串口通信检查 | I17: All serial port test FAIL test result FAIL RESULT FAIL
A18: 9000 | B18: 6102228404315806 | C18: G220-BM | E18: 30228128 | F18: 2026-05-10 23:28:32 | G18: 老化初检 | H18: [客户定制][字节]BF3串口通信检查 | I18: All serial port test FAIL test result FAIL RESULT FAIL
A19: 9000 | B19: 6102265104305009 | C19: G230-DM-2 | D19: B8621-IBDD2O | E19: 30228527 | F19: 2026-05-11 00:12:05 | G19: 老化测试 | H19: [客户定制][字节]混合压测1H与REBOOT 4LOOP | I19: COMMON BOARD ERROR FUNCTION Black list check fail fail type sel dmessage message | J19: 是 | K19: 字节_[客户定制][字节]混合压测1H与REBOOT 4LOOP_内存Correctable ECC | L19: =VLOOKUP(B19,Sheet2!F:Z,12,0) -> 更换内存 | M19: 物料问题
A20: 9000 | B20: 6102117004312817 | C20: G220-BM | D20: S80D1-I9ED2M | E20: 30228520 | F20: 2026-05-11 00:19:49 | G20: 老化测试 | H20: [客户定制][字节] EGS AC测试 3LOOP | I20: AC timeout
A21: 9000 | B21: 6102228404315821 | C21: G220-BM | E21: 30228128 | F21: 2026-05-11 03:54:06 | G21: 老化初检 | H21: [客户定制][字节]BF3串口通信检查 | I21: Failed to boot NETNICP1IPV6 Start PXE over IPv4 Send DHCP DISCOVER Client MAC 6431360F53EA Recv DHCP OFFER Client MAC 6431360F53EA Send DHCP REQUEST Client MAC 6431360F53EA Failed to boot NETNICP0IPV4 Start PXE over IPv4 Send DHCP DISCOVER Client MAC 6431360F53EB Recv DHCP OFFER Client MAC 6431360F53EBtimeout didnt get login message Alert serial devttyUSB0 not existskip test All serial port test FAIL test result FAIL RESULT FAIL
A22: 9000 | B22: 6102228404301183 | C22: G220B-2G1BxxM-T | D22: SH10T1-3E42GA-S | E22: 30228120 | F22: 2026-05-11 04:44:07 | G22: 老化初检 | H22: [客户定制][字节]EGS混合压测 6H | I22: Mon May 11 043044 2026 00 BAD 00 ff ff ff ff ff ff 00 4e ad 23 c1 01 00 00 00 Mon May 11 043044 2026 00 BAD 1f 1f 01 03 0e 34 20 78 ea ee 91 a3 54 4c 99 26 Mon May 11 043044 2026 00 BAD 0f 50 54 ff ff 80 a9 40 81 80 71 86 95 00 b3 00 Mon May 11 043044 2026 00 BAD d1 c0 81 00 d1 00 64 19 00 40 41 00 26 30 18 88 Mon May 11 043044 2026 00 BAD 36 00 06 44 21 00 00 1a 00 00 00 fd 00 31 56 1d Mon May 11 043044 2026 00 BAD 5e 15 00 0a 20 20 20 20 20 20 00 00 00 fc 00 4b
A23: 9000 | B23: 6102265104304943 | C23: G230-DM-2 | D23: B8621-IBDD2O | E23: 30228526 | F23: 2026-05-11 05:16:03 | G23: 综检后测 | H23: [字节][擎天]人机交互 | I23: COMMON BOARD ERROR BMC Get bmc sel info fail
A24: 9000 | B24: 6102265104305004 | C24: G230-DM-2 | D24: B8621-IBDD2O | E24: 30228731 | F24: 2026-05-11 07:39:45 | G24: 综检后测 | H24: [字节][QTBQC]BD 后测 | I24: Program KILLED BY TIMEOUT Killed by timeout max second 360
A25: 9000 | B25: 6102192404317410 | C25: G220-BM-2 | D25: M5621-I9DD2O-P | E25: 30229008 | F25: 2026-05-12 22:32:05 | G25: 老化测试 | H25: [客户定制][字节] EGS AC测试 10LOOP | I25: PSU0InletTemp 24h ns 100 No Reading PSU0Temp 26h ns 100 No Reading PSU0IIn 2Dh ns 100 No Reading PSU0IOut 2Fh ns 100 No Reading PSU0PIn 82h ns 100 No Reading PSU0POut 84h ns 100 No Reading TotalPower 89h ns 100 No Reading check black keys fail custom toutiao task fail
A26: 9000 | B26: 6102228404322547 | C26: G220B-2G1BxxM-T | D26: SH10T1-3E42GA-S | E26: 30227559 | F26: 2026-05-14 15:17:37 | G26: 初检前测 | H26: [客户定制][字节]黑白名单检查_前测 | I26: 17 05142026 061902 Critical Interrupt PCIEStatus Bus Correctable error BDF 000000 Deasserted 16 05142026 061125 Critical Interrupt PCIEStatus Bus Correctable error BDF 4a0100 Asserted 17 05142026 061902 Critical Interrupt PCIEStatus Bus Correctable error BDF 000000 Deasserted 16 05142026 061125 Critical Interrupt PCIEStatus Bus Correctable error BDF 4a0100 Asserted 17 05142026 061902 Critical Interrupt PCIEStatus Bus Correctable error BDF 000000 Deasserted
A27: 9000 | B27: 6102228404323823 | C27: G220-BM | E27: 30227561 | F27: 2026-05-14 20:37:20 | G27: 老化初检 | H27: [客户定制][字节]BF3串口通信检查 | I27: All serial port test FAIL test result FAIL RESULT FAIL
A28: 9000 | B28: 6102228404316643 | C28: G220B-2G1BxxM-T | D28: SH10T1-3E42GA-S | E28: 30228130 | F28: 2026-05-15 02:47:41 | G28: 老化测试 | H28: [客户定制][字节]EGS混合压测 6H | I28: P7HCUTemp 8Fh ns 725 No Reading
A29: 9000 | B29: 6102228404316644 | C29: G220B-2G1BxxM-T | D29: SH10T1-3E42GA-S | E29: 30228130 | F29: 2026-05-15 04:02:37 | G29: 老化测试 | H29: [客户定制][字节]黑白名单检查_压测 | I29: Fri May 15 035312 2026 ibumad Unknown symbol ibunregisterclient err 22 Fri May 15 035312 2026 ibumad Unknown symbol ibmodifyport err 22 Fri May 15 035312 2026 ibumad Unknown symbol rdmadevaccessnetns err 22 Fri May 15 035312 2026 ibumad Unknown symbol ibinitahattrfromwc err 22 Fri May 15 035312 2026 ibumad Unknown symbol ibregisterclient err 22 Fri May 15 035312 2026 ibumad Unknown symbol ibunregistermadagent err 22 Fri May 15 035312 2026 ibumad Unknown symbol ibpostsendmad err 22
A30: 9000 | B30: 6102228404322545 | C30: G220B-2G1BxxM-T | D30: SH10T1-3E42GA-S | E30: 30227559 | F30: 2026-05-16 10:04:42 | G30: 老化测试 | H30: [字节][千岛湖] BF3 HOST混合压力测试 | I30: Sat May 16 081414 2026 1Hardware Error Hardware error from APEI Generic Hardware Error Source 0 Sat May 16 081414 2026 1Hardware Error It has been corrected by hw and requires no further action Sat May 16 081414 2026 1Hardware Error event severity corrected Sat May 16 081414 2026 1Hardware Error Error 0 type corrected Sat May 16 081414 2026 1Hardware Error sectiontype PCIe error Sat May 16 081414 2026 1Hardware Error porttype 0 PCIe end point Sat May 16 081414 2026 1Hardware Error version
A31: 9000 | B31: 6102228404322553 | C31: G220B-2G1BxxM-T | D31: SH10T1-3E42GA-S | E31: 30227559 | F31: 2026-05-16 11:17:46 | G31: 老化测试 | H31: [字节][千岛湖]AC测试V2 | I31: Sat May 16 111141 2026 ibumad Unknown symbol ibunregisterclient err 22 Sat May 16 111141 2026 ibumad Unknown symbol ibmodifyport err 22 Sat May 16 111141 2026 ibumad Unknown symbol rdmadevaccessnetns err 22 Sat May 16 111141 2026 ibumad Unknown symbol ibinitahattrfromwc err 22 Sat May 16 111141 2026 ibumad Unknown symbol ibregisterclient err 22 Sat May 16 111141 2026 ibumad Unknown symbol ibunregistermadagent err 22 Sat May 16 111141 2026 ibumad Unknown symbol ibpostsendmad err 22
A32: 9000 | B32: 6102264704305235 | C32: S520-BM | D32: SD8S1-I9DS3B-L | E32: 30228543 | F32: 2026-05-08 08:41:44 | G32: 初检前测 | H32: [客户定制][字节]黑白名单检查 | I32: local 6f000 144da80a LinkCap 160GTs x4 LinkSta 160GTs x4 import 6f000 025e0b60 LinkCap 160GTs x4 LinkSta 160GTs x4 compare local pci devices with import information failed PCIeLnx64 command executed failed
A33: 9000 | B33: 6102264704305246 | C33: S520-BM | D33: SD8S1-I9DS3B-L | E33: 30228543 | F33: 2026-05-08 08:41:53 | G33: 初检前测 | H33: [客户定制][字节]黑白名单检查 | I33: local 6f000 144da80a LinkCap 160GTs x4 LinkSta 160GTs x4 import 6f000 025e0b60 LinkCap 160GTs x4 LinkSta 160GTs x4 compare local pci devices with import information failed PCIeLnx64 command executed failed
A34: 9000 | B34: 6102264704305240 | C34: S520-BM | D34: SD8S1-I9DS3B-L | E34: 30228543 | F34: 2026-05-08 08:41:55 | G34: 初检前测 | H34: [客户定制][字节]黑白名单检查 | I34: local 6f000 144da80a LinkCap 160GTs x4 LinkSta 160GTs x4 import 6f000 025e0b60 LinkCap 160GTs x4 LinkSta 160GTs x4 compare local pci devices with import information failed PCIeLnx64 command executed failed
A35: 9000 | B35: 6102264704305250 | C35: S520-BM | D35: SD8S1-I9DS3B-L | E35: 30228543 | F35: 2026-05-08 08:42:01 | G35: 初检前测 | H35: [客户定制][字节]黑白名单检查 | I35: local 6f000 144da80a LinkCap 160GTs x4 LinkSta 160GTs x4 import 6f000 025e0b60 LinkCap 160GTs x4 LinkSta 160GTs x4 compare local pci devices with import information failed PCIeLnx64 command executed failed
A36: 9000 | B36: 6102264704305244 | C36: S520-BM | D36: SD8S1-I9DS3B-L | E36: 30228543 | F36: 2026-05-08 08:42:04 | G36: 初检前测 | H36: [客户定制][字节]黑白名单检查 | I36: local 6f000 144da80a LinkCap 160GTs x4 LinkSta 160GTs x4 import 6f000 025e0b60 LinkCap 160GTs x4 LinkSta 160GTs x4 compare local pci devices with import information failed PCIeLnx64 command executed failed
A37: 9000 | B37: 6102264704305261 | C37: S520-BM | D37: SD8S1-I9DS3B-L | E37: 30228543 | F37: 2026-05-08 09:03:36 | G37: 初检前测 | H37: [客户定制][字节]黑白名单检查 | I37: local 6f000 144da80a LinkCap 160GTs x4 LinkSta 160GTs x4 import 6f000 025e0b60 LinkCap 160GTs x4 LinkSta 160GTs x4 compare local pci devices with import information failed PCIeLnx64 command executed failed
A38: 9000 | B38: 6102228404310023 | C38: G220-BM | E38: 30228124 | F38: 2026-05-08 13:51:31 | G38: 初检前测 | H38: [客户定制][字节]BF3串口通信检查 | I38: All serial port test FAIL test result FAIL RESULT FAIL
A39: 9000 | B39: 6102117004304703 | C39: G220-BM | D39: S80D1-I9ED2M | E39: 30228516 | F39: 2026-05-08 14:10:45 | G39: 老化测试 | H39: [客户定制][字节]混合压测1H与DC测试 | I39: check black list first fail custom toutiao task fail
A40: 9000 | B40: 6102228404304283 | C40: G220-BM | E40: 30228122 | F40: 2026-05-08 15:24:32 | G40: 老化初检 | H40: [客户定制][字节]BF3串口通信检查 | I40: All serial port test FAIL test result FAIL RESULT FAIL
A41: 9000 | B41: 6102228404301155 | C41: G220B-2G1BxxM-T | D41: SH10T1-3E42GA-S | E41: 30228120 | F41: 2026-05-09 00:56:29 | G41: 老化测试 | H41: [客户定制][字节][TMS/JHS]压力测试 | I41: selog1 p2p c box01 T 300 dir uni 004619600INFO save log to systemsltbm20260509004619log use ooutput to change log location Total Test Result FAILURE BDAASLTrunbmcmd1604cmd run error BDAASLTruntestlist1043P2P unidirectional bandwidth test failed test abort ID Result Description Testing Command 0 FAIL P2P unidirectional bandwidth test systemsltbm showcaselog1 p2p c box01 T 300 dir uni FAIL 20260509 005629 fail RESULT FAIL | J41: 是 | K41: 字节_[客户定制][字节][TMS/JHS]压力测试_GPU链路报错 | L41: =VLOOKUP(B41,Sheet2!F:Z,12,0) -> 重插数据线 | M41: 疑似接触不良问题 | N41: 0
A42: 9000 | B42: 6102264704305236 | C42: S520-BM | D42: SD8S1-I9DS3B-L | E42: 30228543 | F42: 2026-05-08 08:28:20 | G42: 初检前测 | H42: [客户定制][字节]黑白名单检查 | I42: local 6f000 144da80a LinkCap 160GTs x4 LinkSta 160GTs x4 import 6f000 025e0b60 LinkCap 160GTs x4 LinkSta 160GTs x4 compare local pci devices with import information failed PCIeLnx64 command executed failed
A43: 9000 | B43: 6102264704305251 | C43: S520-BM | D43: SD8S1-I9DS3B-L | E43: 30228543 | F43: 2026-05-08 08:41:57 | G43: 初检前测 | H43: [客户定制][字节]黑白名单检查 | I43: local 6f000 144da80a LinkCap 160GTs x4 LinkSta 160GTs x4 import 6f000 025e0b60 LinkCap 160GTs x4 LinkSta 160GTs x4 compare local pci devices with import information failed PCIeLnx64 command executed failed
A44: 9000 | B44: 6102117004304132 | C44: G220-BM | D44: S80D1-I9ED2M | E44: 30228517 | F44: 2026-05-08 08:52:33 | G44: 老化初检 | H44: [客户定制][字节]黑白名单检查 | I44: 19 05072026 131455 Drive Slot Bay NVMEStatus Drive Fault Drive Slot08 Asserted 5 05072026 122503 OEM record cd 00b3dd bacd00020000 UCERCATERRMSMI16BCLK Dump succeeded 2 05072026 122425 Processor CPU0Status Uncorrectable machine check exception Asserted 3 05072026 122425 Processor CPU0Status Uncorrectable machine check exception Asserted 4 05072026 122451 Processor CPU0Status Uncorrectable machine check exception Asserted
A45: 9000 | B45: 6102117004304851 | C45: G220-BM | D45: S80D1-I9ED2M | E45: 30228518 | F45: 2026-05-08 09:44:25 | G45: 老化初检 | H45: [客户定制][字节]黑白名单检查 | I45: 2 05072026 075700 Fan FAN2RSpeed Lower Critical going low Deasserted Reading 864 Threshold 192 RPM 4 05072026 075742 Fan FAN2RSpeed Lower Critical going low Deasserted Reading 3456 Threshold 192 RPM 6 05072026 075814 Fan FAN2RSpeed Lower Critical going low Deasserted Reading 768 Threshold 192 RPM 14 05072026 080107 Fan FAN2RSpeed Lower Critical going low Deasserted Reading 1152 Threshold 192 RPM
A46: 9000 | B46: 6102265104304899 | C46: G230-DM-2 | D46: B8621-IBDD2O | E46: 30228593 | F46: 2026-05-08 12:43:52 | G46: 初检前测 | H46: [字节]Changsha 通过SOCI2C 控制dc | I46: Program KILLED BY TIMEOUT Killed by timeout max second 3600
A47: 9000 | B47: 6102265104304982 | C47: G230-DM-2 | D47: B8621-IBDD2O | E47: 30228728 | F47: 2026-05-08 13:39:35 | G47: 初检前测 | H47: [字节][擎天]系统信息初始化 | I47: SYSTEM COMMON SOFTWARE ERROR upload flash logs failed
A48: 9000 | B48: 6102264704305166 | C48: S520-BM | D48: SD8S1-I9DS3B-L | E48: 30228541 | F48: 2026-05-08 17:54:23 | G48: 老化测试 | H48: [客户定制][字节] AC测试 10LOOP | I48: common error
A49: 9000 | B49: 6102264704305258 | C49: S520-BM | D49: SD8S1-I9DS3B-L | E49: 30228543 | F49: 2026-05-08 18:11:19 | G49: 老化测试 | H49: [客户定制][字节] AC测试 10LOOP | I49: common error
A50: 9000 | B50: 6102265104304931 | C50: G230-DM-2 | D50: B8621-IBDD2O | E50: 30228526 | F50: 2026-05-08 20:57:26 | G50: 老化测试 | H50: [字节][擎天]BDAT设置恢复检查 | I50: Program KILLED BY TIMEOUT Killed by timeout max second 3600
A51: 9000 | B51: 6102117004309870 | C51: G220-BM | D51: S80D1-I9ED2M | E51: 30228519 | F51: 2026-05-09 02:01:35 | G51: 老化测试 | H51: [客户定制][字节] EGS AC测试 10LOOP | I51: Sat May 9 015925 2026 smpapictimerinterrupt0x680x120 Sat May 9 015925 2026 apictimerinterrupt0xf0x20 Sat May 9 015925 2026 r8152 2210 eth1 Tx timeout May 9 015925 bytedancehostv13 kernel 196687685 C8 smpapictimerinterrupt0x680x120 May 9 015925 bytedancehostv13 kernel 196687687 C8 apictimerinterrupt0xf0x20 May 9 015925 bytedancehostv13 kernel 196705659 C8 r8152 2210 eth1 Tx timeout check black list first fail
A52: 9000 | B52: 6102264704305209 | C52: S520-BM | D52: SD8S1-I9DS3B-L | E52: 30228377 | F52: 2026-05-09 03:16:16 | G52: 老化初检 | H52: [客户定制][字节] AC测试 10LOOP | I52: 2 05082026 064658 Memory P0C6D0Status Correctable ECC Asserted 3 05082026 064701 Memory P0C6D0Status Correctable ECC Asserted 4 05082026 064715 Memory P0C6D0Status Correctable ECC Asserted 5 05082026 064715 Memory P0C6D0Status Correctable ECC Asserted 6 05082026 064717 Memory P0C6D0Status Correctable ECC Asserted 7 05082026 064721 Memory P0C6D0Status Correctable ECC Asserted 8 05082026 064737 Memory P0C6D0Status Correctable ECC Asserted
A53: 9000 | B53: 6102265104305009 | C53: G230-DM-2 | D53: B8621-IBDD2O | E53: 30228527 | F53: 2026-05-10 18:32:31 | G53: 老化测试 | H53: [客户定制][字节]混合压测1H与REBOOT 4LOOP | I53: COMMON BOARD ERROR FUNCTION Black list check fail fail type sel dmessage message | J53: 是 | K53: 字节_[客户定制][字节]混合压测1H与REBOOT 4LOOP_内存Correctable ECC | L53: =VLOOKUP(B53,Sheet2!F:Z,12,0) -> 更换内存 | M53: 物料问题
A54: 9000 | B54: 6102228404316665 | C54: G220B-2G1BxxM-T | D54: SH10T1-3E42GA-S | E54: 30228130 | F54: 2026-05-15 14:57:14 | G54: 老化测试 | H54: [客户定制][字节][灰度]SHC测试 | I54: Fri May 15 144242 2026 lscpu43912 segfault at 0 ip 00007f082597c53e sp 00007fff32389488 error 4 in libc228so7f0825846000147000 Fri May 15 144242 2026 lscpu43912 segfault at 0 ip 00007f082597c53e sp 00007fff32389488 error 4 in libc228so7f0825846000147000 Fri May 15 144242 2026 lscpu43912 segfault at 0 ip 00007f082597c53e sp 00007fff32389488 error 4 in libc228so7f0825846000147000
A55: 9000 | B55: 6102228404323840 | C55: G220B-2G1BxxM-T | D55: SH10T1-3E42GA-S | E55: 30227561 | F55: 2026-05-15 16:52:03 | G55: 初检前测 | H55: [客户定制][字节]黑白名单检查_前测 | I55: import 01000 15b3197b LinkCap 320GTs x16 LinkSta 320GTs x16 import 02000 15b3197b LinkCap 320GTs x16 LinkSta 320GTs x16 import 02030 15b3197b LinkCap 320GTs x16 LinkSta 320GTs x16 import 03000 15b3a2dc LinkCap 320GTs x16 LinkSta 320GTs x16 import 03001 15b3a2dc LinkCap 320GTs x16 LinkSta 320GTs x16 import 04000 15b3197b LinkCap 320GTs x16 LinkSta 320GTs x16 import 05000 15b3197b LinkCap 320GTs x2 LinkSta 80GTs x2
A56: 9000 | B56: 6102228404323818 | C56: G220B-2G1BxxM-T | D56: SH10T1-3E42GA-S | E56: 30227561 | F56: 2026-05-15 22:41:11 | G56: 初检前测 | H56: [客户定制][字节]黑白名单检查_前测 | I56: 2 05152026 142419 Critical Interrupt PCIEStatus Bus Correctable error BDF 000000 Deasserted 2 05152026 142419 Critical Interrupt PCIEStatus Bus Correctable error BDF 000000 Deasserted 2 05152026 142419 Critical Interrupt PCIEStatus Bus Correctable error BDF 000000 Deasserted
A57: 9000 | B57: 6102268004328656 | C57: G220-EM | D57: MAGQ1-ICDD2B | E57: 30229386 | F57: 2026-05-16 06:18:12 | G57: 初检前测 | H57: 硬件信息检查 | I57: PCI Local addr 00003b001 LnkCap 16GTsx8 LnkSta 16GTsx8 equal PCI Local addr 0000b8000 LnkCap 16GTsx8 LnkSta 16GTsx1 CPU LnkCap 32GTsx8 not equal PCI Local addr 0000b8001 LnkCap 16GTsx8 LnkSta 16GTsx1 CPU LnkCap 32GTsx8 not equal PCI0 Local Count 2 PCI0 check result fail PCI Local addr 00004c000 LnkCap 32GTsx4 LnkSta 32GTsx4 equal PCI Local addr 00004d000 LnkCap 32GTsx4 LnkSta 32GTsx4 equal PCI1 Local Count 2 PCI1 check result success PCI check result fail | J57: 是 | K57: 板卡硬件比对报错_PCIE带宽速率降低 | L57: =VLOOKUP(B57,Sheet2!F:Z,12,0) -> 重插数据线 | M57: 疑似接触不良问题
A58: 9000 | B58: 6102228404323834 | C58: G220B-2G1BxxM-T | D58: SH10T1-3E42GA-S | E58: 30227561 | F58: 2026-05-16 07:00:09 | G58: 初检前测 | H58: [客户定制][字节]黑白名单检查_前测 | I58: import 01000 15b3197b LinkCap 320GTs x16 LinkSta 320GTs x16 import 02000 15b3197b LinkCap 320GTs x16 LinkSta 320GTs x16 import 02030 15b3197b LinkCap 320GTs x16 LinkSta 320GTs x16 import 03000 15b3a2dc LinkCap 320GTs x16 LinkSta 320GTs x16 import 03001 15b3a2dc LinkCap 320GTs x16 LinkSta 320GTs x16 import 04000 15b3197b LinkCap 320GTs x16 LinkSta 320GTs x16 import 05000 15b3197b LinkCap 320GTs x2 LinkSta 80GTs x2
A59: 9000 | B59: 6102265104304949 | C59: G230-DM-2 | D59: B8621-IBDD2O | E59: 30228526 | F59: 2026-05-11 05:47:41 | G59: 综检后测 | H59: [字节][擎天]老化功能测试 | I59: COMMON BOARD ERROR FUNCTION Black list check fail fail type sel
A60: 9000 | B60: 6102117004309890 | C60: G220-BM | D60: S80D1-I9ED2M | E60: 30228519 | F60: 2026-05-11 05:58:35 | G60: 老化测试 | H60: [客户定制][字节]混合压测1H与DC测试 | I60: check pcie fail custom toutiao task fail | J60: 是 | K60: 字节_[客户定制][字节]混合压测1H与DC测试_硬盘降速 | L60: =VLOOKUP(B60,Sheet2!F:Z,12,0) -> 更换硬盘 | M60: 疑似接触不良问题
A61: 9000 | B61: 6102265104305000 | C61: G230-DM-2 | D61: B8621-IBDD2O | E61: 30228525 | F61: 2026-05-11 19:46:59 | G61: 老化测试 | H61: [字节][擎天]混合压测 | I61: COMMON BOARD ERROR FUNCTION Black list check fail fail type sel sdr dmessage message | J61: 是 | K61: 字节_[字节][擎天]混合压测_CPU CE报错 | L61: =VLOOKUP(B61,Sheet2!F:Z,12,0) -> 重插CPU | M61: 疑似接触不良问题
A62: 9000 | B62: 6102228404316653 | C62: G220-BM | E62: 30228130 | F62: 2026-05-11 21:13:58 | G62: 老化初检 | H62: [客户定制][字节]BF3串口通信检查 | I62: All serial port test FAIL test result FAIL RESULT FAIL
A63: 9000 | B63: 6102228404316662 | C63: G220-BM | E63: 30228130 | F63: 2026-05-11 22:32:33 | G63: 老化初检 | H63: [客户定制][字节]BF3串口通信检查 | I63: All serial port test FAIL test result FAIL RESULT FAIL
A64: 9000 | B64: 6102265104304953 | C64: G230-DM-2 | D64: B8621-IBDD2O | E64: 30228526 | F64: 2026-05-12 02:37:15 | G64: 老化测试 | H64: [字节][擎天]SHC Test | I64: Program AGENT ERROR Check result QtBatteryFunctionRepeatCheck 3 node2 fail
A65: 9000 | B65: 6102228404316673 | C65: G220B-2G1BxxM-T | D65: SH10T1-3E42GA-S | E65: 30228130 | F65: 2026-05-12 11:14:12 | G65: 初检前测 | H65: [客户定制][字节]黑白名单检查_前测 | I65: import 01000 15b3197b LinkCap 320GTs x16 LinkSta 320GTs x16 import 02000 15b3197b LinkCap 320GTs x16 LinkSta 320GTs x16 import 02030 15b3197b LinkCap 320GTs x16 LinkSta 320GTs x16 import 03000 15b3a2dc LinkCap 320GTs x16 LinkSta 320GTs x16 import 03001 15b3a2dc LinkCap 320GTs x16 LinkSta 320GTs x16 import 04000 15b3197b LinkCap 320GTs x16 LinkSta 320GTs x16 import 05000 15b3197b LinkCap 320GTs x2 LinkSta 80GTs x2 | J65: 是 | K65: 字节_[客户定制][字节]黑白名单检查_前测_PCIE链路报错 | L65: =VLOOKUP(B65,Sheet2!F:Z,12,0) -> 更换数据线 | M65: 物料问题 | N65: 0
A66: 9000 | B66: 6102117004309877 | C66: G220-BM | D66: S80D1-I9ED2M | E66: 30228519 | F66: 2026-05-09 08:27:53 | G66: 老化测试 | H66: [客户定制][字节] EGS AC测试 10LOOP | I66: Sat May 9 082547 2026 ACPI Error Could not enable RealTimeClock event 20190816evxfevnt184 Sat May 9 082547 2026 ACPI Error Could not enable RealTimeClock event 20190816evxfevnt184 Sat May 9 082547 2026 ACPI Warning Could not enable fixed event RealTimeClock 4 20190816evxface620 May 9 082616 bytedancehostv13 kernel 5376332 T1 ACPI Warning Could not enable fixed event RealTimeClock 4 20190816evxface620 check black list fail LAST LOOP Check fail
A67: 9000 | B67: 6102117004309890 | C67: G220-BM | D67: S80D1-I9ED2M | E67: 30228519 | F67: 2026-05-09 11:06:49 | G67: 老化测试 | H67: [客户定制][字节] EGS DC测试 5LOOP | I67: Sat May 9 110443 2026 nvme nvme16 Failed to configure AEN cfg 300 May 9 110512 bytedancehostv13 kernel 6608338 T96 nvme nvme16 Failed to configure AEN cfg 300 15 05092026 025618 Critical Interrupt PCIEStatus Bus Uncorrectable error BDF 000000 Deasserted 12 05092026 013246 Drive Slot Bay NVMEStatus Drive Fault Drive Slot04 Asserted 2a 05092026 030402 Drive Slot Bay NVMEStatus Drive Fault Drive Slot16 Asserted | J67: 是 | K67: 字节_[客户定制][字节]混合压测1H与DC测试_硬盘降速 | L67: =VLOOKUP(B67,Sheet2!F:Z,12,0) -> 更换硬盘 | M67: 疑似接触不良问题 | N67: 0
A68: 9000 | B68: 6102228404316654 | C68: G220B-2G1BxxM-T | D68: SH10T1-3E42GA-S | E68: 30228130 | F68: 2026-05-13 04:10:27 | G68: 初检前测 | H68: [客户定制][字节]黑白名单检查_前测 | I68: 2 05122026 195332 Critical Interrupt PCIEStatus Bus Correctable error BDF 000000 Deasserted 2 05122026 195332 Critical Interrupt PCIEStatus Bus Correctable error BDF 000000 Deasserted 2 05122026 195332 Critical Interrupt PCIEStatus Bus Correctable error BDF 000000 Deasserted
A69: 9000 | B69: 6102228404317331 | C69: G220-BM | E69: 30228132 | F69: 2026-05-13 07:14:16 | G69: 初检前测 | H69: [客户定制][字节]BF3串口通信检查 | I69: Failed to boot NETNICP1IPV6 Start PXE over IPv4 Send DHCP DISCOVER Client MAC E46DABF0D500 Recv DHCP OFFER Client MAC E46DABF0D500 Send DHCP REQUEST Client MAC E46DABF0D500 Failed to boot NETNICP0IPV4 Start PXE over IPv4 Send DHCP DISCOVER Client MAC E46DABF0D501 Recv DHCP OFFER Client MAC E46DABF0D501timeout didnt get login message Alert serial devttyUSB0 not existskip test All serial port test FAIL test result FAIL RESULT FAIL
A70: 9000 | B70: 6102228404317331 | C70: G220-BM | E70: 30228132 | F70: 2026-05-13 08:04:24 | G70: 初检前测 | H70: [客户定制][字节]BF3串口通信检查 | I70: All serial port test FAIL test result FAIL RESULT FAIL
A71: 9000 | B71: 6102228404315816 | C71: G220B-2G1BxxM-T | D71: SH10T1-3E42GA-S | E71: 30228128 | F71: 2026-05-13 08:29:59 | G71: 初检前测 | H71: [客户定制][字节]黑白名单检查_前测 | I71: 2 05132026 001250 Critical Interrupt PCIEStatus Bus Correctable error BDF 000000 Deasserted 2 05132026 001250 Critical Interrupt PCIEStatus Bus Correctable error BDF 000000 Deasserted 2 05132026 001250 Critical Interrupt PCIEStatus Bus Correctable error BDF 000000 Deasserted
A72: 9000 | B72: 6102228404304283 | C72: G220B-2G1BxxM-T | D72: SH10T1-3E42GA-S | E72: 30228122 | F72: 2026-05-08 00:50:59 | G72: 初检前测 | H72: [客户定制][字节]黑白名单检查_前测 | I72: 2 05072026 163256 Memory Cpu1MEMG0Hot Critical Overtemperature Deasserted 2 05072026 163256 Memory Cpu1MEMG0Hot Critical Overtemperature Deasserted 5 05072026 163304 Memory Cpu1MEMG0Hot Critical Overtemperature Asserted Cpu1MEMG0Hot 4Ah ok 321 Critical Overtemperature | J72: 是 | K72: 停用字节_黑白名单检查_前测_内存超温报错 | L72: =VLOOKUP(B72,Sheet2!F:Z,12,0) -> 更换主板 | M72: 物料问题 | N72: 0
A73: 9000 | B73: 6102228404316643 | C73: G220B-2G1BxxM-T | D73: SH10T1-3E42GA-S | E73: 30228130 | F73: 2026-05-12 15:14:37 | G73: 初检前测 | H73: [客户定制][字节]黑白名单检查_前测 | I73: import 01000 15b3197b LinkCap 320GTs x16 LinkSta 320GTs x16 import 02000 15b3197b LinkCap 320GTs x16 LinkSta 320GTs x16 import 02030 15b3197b LinkCap 320GTs x16 LinkSta 320GTs x16 import 03000 15b3a2dc LinkCap 320GTs x16 LinkSta 320GTs x16 import 03001 15b3a2dc LinkCap 320GTs x16 LinkSta 320GTs x16 import 04000 15b3197b LinkCap 320GTs x16 LinkSta 320GTs x16 import 05000 15b3197b LinkCap 320GTs x2 LinkSta 80GTs x2
A74: 9000 | B74: 6102228404312990 | C74: G220B-2G1BxxM-T | D74: SH10T1-3E42GA-S | E74: 30228126 | F74: 2026-05-12 19:10:08 | G74: 老化测试 | H74: [客户定制][字节][灰度]SHC测试 | I74: Tue May 12 185547 2026 lscpu39830 segfault at 0 ip 00007fd77231d53e sp 00007ffc729a5838 error 4 in libc228so7fd7721e7000147000 Tue May 12 185547 2026 lscpu39830 segfault at 0 ip 00007fd77231d53e sp 00007ffc729a5838 error 4 in libc228so7fd7721e7000147000 Tue May 12 185547 2026 lscpu39830 segfault at 0 ip 00007fd77231d53e sp 00007ffc729a5838 error 4 in libc228so7fd7721e7000147000
A75: 9000 | B75: 6102192404317410 | C75: G220-BM-2 | D75: M5621-I9DD2O-P | E75: 30229008 | F75: 2026-05-13 09:32:27 | G75: 老化测试 | H75: [客户定制][字节]黑白名单检查 | I75: 14 05132026 013014 Power Supply PSU0Supply Power Supply AC lost Asserted 16 05132026 013014 Power Supply PSU1Supply Power Supply AC lost Asserted 17 05132026 013014 Power Supply RedundantPSU Redundancy Lost Asserted PSU0InletTemp 24h ns 100 No Reading PSU1InletTemp 25h ns 101 No Reading PSU0Temp 26h ns 100 No Reading PSU1Temp 27h ns 101 No Reading PSU0IIn 2Dh ns 100 No Reading PSU1IIn 2Eh ns 101 No Reading
A76: 9000 | B76: 6102228404317346 | C76: G220B-2G1BxxM-T | D76: SH10T1-3E42GA-S | E76: 30228132 | F76: 2026-05-13 09:32:28 | G76: 初检前测 | H76: [客户定制][字节]黑白名单检查_前测 | I76: import 01000 15b3197b LinkCap 320GTs x16 LinkSta 320GTs x16 import 02000 15b3197b LinkCap 320GTs x16 LinkSta 320GTs x16 import 02030 15b3197b LinkCap 320GTs x16 LinkSta 320GTs x16 import 03000 15b3a2dc LinkCap 320GTs x16 LinkSta 320GTs x16 import 03001 15b3a2dc LinkCap 320GTs x16 LinkSta 320GTs x16 import 04000 15b3197b LinkCap 320GTs x16 LinkSta 320GTs x16 import 05000 15b3197b LinkCap 320GTs x2 LinkSta 80GTs x2 | J76: 是 | K76: 字节_[客户定制][字节]黑白名单检查_前测_PCIE链路报错 | L76: =VLOOKUP(B76,Sheet2!F:Z,12,0) -> 更换retimer卡 | M76: 物料问题 | N76: 0
A77: 9000 | B77: 6102192404317410 | C77: G220-BM-2 | D77: M5621-I9DD2O-P | E77: 30229008 | F77: 2026-05-13 09:51:41 | G77: 老化测试 | H77: [客户定制][字节]黑白名单检查 | I77: PSU0InletTemp 24h ns 100 No Reading PSU1InletTemp 25h ns 101 No Reading PSU0Temp 26h ns 100 No Reading PSU1Temp 27h ns 101 No Reading PSU0IIn 2Dh ns 100 No Reading PSU1IIn 2Eh ns 101 No Reading PSU0IOut 2Fh ns 100 No Reading PSU1IOut 30h ns 101 No Reading PSU0PIn 82h ns 100 No Reading PSU1PIn 83h ns 101 No Reading
A78: 9000 | B78: 6102228404316673 | C78: G220B-2G1BxxM-T | D78: SH10T1-3E42GA-S | E78: 30228130 | F78: 2026-05-13 10:04:32 | G78: 初检前测 | H78: [客户定制][字节]黑白名单检查_前测 | I78: 3 05132026 002717 Power Unit PowerFault State Asserted ErrorType OTHER Asserted 5 05132026 002811 Power Unit PowerFault State Asserted ErrorType OTHER Asserted c 05132026 005532 Power Unit PowerFault State Asserted ErrorType OTHER Asserted 14 05132026 012428 Power Unit PowerFault State Asserted ErrorType OTHER Asserted 3 05132026 002717 Power Unit PowerFault State Asserted ErrorType OTHER Asserted 5 05132026 002811 Power Unit PowerFault State Asserted E | J78: 是 | K78: 字节_[客户定制][字节]黑白名单检查_前测_PCIE链路报错 | L78: =VLOOKUP(B78,Sheet2!F:Z,12,0) -> 更换数据线 | M78: 物料问题
A79: 9000 | B79: 6102192404317410 | C79: G220-BM-2 | D79: M5621-I9DD2O-P | E79: 30229008 | F79: 2026-05-13 10:09:41 | G79: 老化测试 | H79: [客户定制][字节]黑白名单检查 | I79: 6 05132026 020021 Power Supply PSU1Supply Power Supply AC lost Deasserted 7 05132026 020023 Power Supply PSU0Supply Presence detected Deasserted 8 05132026 020023 Power Supply PSU0Supply Power Supply AC lost Deasserted 6 05132026 020021 Power Supply PSU1Supply Power Supply AC lost Deasserted 8 05132026 020023 Power Supply PSU0Supply Power Supply AC lost Deasserted f 05132026 020301 Power Supply RedundantPSU Redundancy Lost Asserted
A80: 9000 | B80: 6102228404315821 | C80: G220B-2G1BxxM-T | D80: SH10T1-3E42GA-S | E80: 30228128 | F80: 2026-05-13 10:11:30 | G80: 老化测试 | H80: [客户定制][字节] DC测试 8LOOP | I80: PSU2PIn 65h ok 107 0 Watts PSU2POut 69h ok 1011 0 Watts PSU2IIn 6Dh ok 1015 0 Amps PSU2IOut 71h ok 1019 0 Amps check box black keys fail custom toutiao task fail
A81: 9000 | B81: 6102192404317371 | C81: G220-BM-2 | D81: M5621-I9DD2O-P | E81: 30229008 | F81: 2026-05-13 17:16:51 | G81: 老化测试 | H81: [客户定制][字节] EGS AC测试 10LOOP | I81: 8 05132026 091434 Temperature InletTemp Upper Critical going high Deasserted Reading 40 Threshold 41 degrees C a 05132026 091438 Temperature InletTemp Upper Critical going high Deasserted Reading 40 Threshold 41 degrees C c 05132026 091448 Temperature InletTemp Upper Critical going high Deasserted Reading 40 Threshold 41 degrees C 7 05132026 091422 Temperature InletTemp Upper Critical going high Asserted Reading 41 Threshold 41 degrees C
A82: 9000 | B82: 6102228404322552 | C82: G220-BM | E82: 30227559 | F82: 2026-05-14 00:03:15 | G82: 老化初检 | H82: [客户定制][字节]BF3串口通信检查 | I82: All serial port test FAIL test result FAIL RESULT FAIL
A83: 9000 | B83: 6102228404323825 | C83: G220-BM | E83: 30227561 | F83: 2026-05-14 19:40:37 | G83: 初检前测 | H83: [客户定制][字节]BF3串口通信检查 | I83: All serial port test FAIL test result FAIL RESULT FAIL
A84: 9000 | B84: 6102228404317346 | C84: G220B-2G1BxxM-T | D84: SH10T1-3E42GA-S | E84: 30228132 | F84: 2026-05-13 14:49:33 | G84: 老化初检 | H84: [客户定制][字节]黑白名单检查_前测 | I84: 9 05132026 013501 Power Supply RedundantPSU Fully Redundant Deasserted 7 05132026 013451 Power Unit PowerFault State Asserted ErrorType OTHER Asserted b 05132026 013547 Power Unit PowerFault State Asserted ErrorType OTHER Asserted 7 05132026 013451 Power Unit PowerFault State Asserted ErrorType OTHER Asserted b 05132026 013547 Power Unit PowerFault State Asserted ErrorType OTHER Asserted 8 05132026 013457 Power Supply PSU0Supply Power Supply AC lost A
A85: 9000 | B85: 6102228404323823 | C85: G220-BM | E85: 30227561 | F85: 2026-05-14 21:22:58 | G85: 老化初检 | H85: [客户定制][字节]BF3串口通信检查 | I85: All serial port test FAIL test result FAIL RESULT FAIL
A86: 9000 | B86: 6102228404316673 | C86: G220B-2G1BxxM-T | D86: SH10T1-3E42GA-S | E86: 30228130 | F86: 2026-05-12 16:36:00 | G86: 老化初检 | H86: [客户定制][字节]黑白名单检查_前测 | I86: check failed items 80 000000ff 000003da 00002430 0000ffff 00000000 00000000 80 000000ff 000003da 00002430 0000ffff 00000000 00000000 80 000000ff 000003da 00002430 0000ffff 00000000 00000000 80 000000ff 000003da 00002430 0000ffff 00000000 00000000
A87: 9000 | B87: 6102265104304953 | C87: G230-DM-2 | D87: B8621-IBDD2O | E87: 30228526 | F87: 2026-05-13 02:00:56 | G87: 老化测试 | H87: [字节][QTBQC]HOST开机 | I87: Program KILLED BY TIMEOUT Killed by timeout max second 3600
A88: 9000 | B88: 6102228404315820 | C88: G220B-2G1BxxM-T | D88: SH10T1-3E42GA-S | E88: 30228128 | F88: 2026-05-13 03:50:45 | G88: 老化测试 | H88: [字节][千岛湖]AC测试V2 | I88: common error
A89: 9000 | B89: 6102228404312978 | C89: G220B-2G1BxxM-T | D89: SH10T1-3E42GA-S | E89: 30228126 | F89: 2026-05-13 04:09:02 | G89: 老化初检 | H89: [字节][千岛湖]AC测试V2 | I89: 2 05122026 090759 Memory P1C4D0Status Correctable ECC Asserted 3 05122026 090759 Memory P1C4D0Status Correctable ECC Asserted 4 05122026 090759 Memory P1C4D0Status Correctable ECC Asserted 5 05122026 090759 Memory P1C4D0Status Correctable ECC Asserted 6 05122026 090759 Memory P1C4D0Status Correctable ECC Asserted 7 05122026 090759 Memory P1C4D0Status Correctable ECC Asserted 8 05122026 090759 Memory P1C4D0Status Correctable ECC Asserted
A90: 9000 | B90: 6102228404316673 | C90: G220B-2G1BxxM-T | D90: SH10T1-3E42GA-S | E90: 30228130 | F90: 2026-05-13 10:44:10 | G90: 初检前测 | H90: [客户定制][字节]黑白名单检查_前测 | I90: Wed May 13 103829 2026 brcmpexnt2 ERROR Invalid Ham Device Context HAM Context 0000000000000000 Wed May 13 103829 2026 brcmpexnt2 ERROR Invalid Ham Device Context HAM Context 0000000000000000 Wed May 13 103829 2026 brcmpexnt2 ERROR Invalid Ham Device Context HAM Context 0000000000000000 Wed May 13 103829 2026 brcmpexnt2 ERROR Invalid Ham Device Context HAM Context 0000000000000000 Wed May 13 103829 2026 brcmpexnt2 ERROR Invalid Ham Device Context HAM Context 0000000000000000 | J90: 是 | K90: 字节_[客户定制][字节]黑白名单检查_前测_PCIE链路报错 | L90: =VLOOKUP(B90,Sheet2!F:Z,12,0) -> 更换数据线 | M90: 物料问题
A91: 9000 | B91: 6102264704305235 | C91: S520-BM | D91: SD8S1-I9DS3B-L | E91: 30228543 | F91: 2026-05-08 08:28:13 | G91: 初检前测 | H91: [客户定制][字节]黑白名单检查 | I91: local 6f000 144da80a LinkCap 160GTs x4 LinkSta 160GTs x4 import 6f000 025e0b60 LinkCap 160GTs x4 LinkSta 160GTs x4 compare local pci devices with import information failed PCIeLnx64 command executed failed
A92: 9000 | B92: 6102264704305237 | C92: S520-BM | D92: SD8S1-I9DS3B-L | E92: 30228543 | F92: 2026-05-08 08:28:23 | G92: 初检前测 | H92: [客户定制][字节]黑白名单检查 | I92: local 6f000 144da80a LinkCap 160GTs x4 LinkSta 160GTs x4 import 6f000 025e0b60 LinkCap 160GTs x4 LinkSta 160GTs x4 compare local pci devices with import information failed PCIeLnx64 command executed failed
A93: 9000 | B93: 6102264704305244 | C93: S520-BM | D93: SD8S1-I9DS3B-L | E93: 30228543 | F93: 2026-05-08 08:28:31 | G93: 初检前测 | H93: [客户定制][字节]黑白名单检查 | I93: local 6f000 144da80a LinkCap 160GTs x4 LinkSta 160GTs x4 import 6f000 025e0b60 LinkCap 160GTs x4 LinkSta 160GTs x4 compare local pci devices with import information failed PCIeLnx64 command executed failed
A94: 9000 | B94: 6102264704305245 | C94: S520-BM | D94: SD8S1-I9DS3B-L | E94: 30228543 | F94: 2026-05-08 08:41:56 | G94: 初检前测 | H94: [客户定制][字节]黑白名单检查 | I94: local 6f000 144da80a LinkCap 160GTs x4 LinkSta 160GTs x4 import 6f000 025e0b60 LinkCap 160GTs x4 LinkSta 160GTs x4 compare local pci devices with import information failed PCIeLnx64 command executed failed
A95: 9000 | B95: 6102264704305255 | C95: S520-BM | D95: SD8S1-I9DS3B-L | E95: 30228543 | F95: 2026-05-08 09:03:24 | G95: 初检前测 | H95: [客户定制][字节]黑白名单检查 | I95: local 6f000 144da80a LinkCap 160GTs x4 LinkSta 160GTs x4 import 6f000 025e0b60 LinkCap 160GTs x4 LinkSta 160GTs x4 compare local pci devices with import information failed PCIeLnx64 command executed failed
A96: 9000 | B96: 6102264704305263 | C96: S520-BM | D96: SD8S1-I9DS3B-L | E96: 30228543 | F96: 2026-05-08 09:04:13 | G96: 初检前测 | H96: [客户定制][字节]黑白名单检查 | I96: local 6f000 144da80a LinkCap 160GTs x4 LinkSta 160GTs x4 import 6f000 025e0b60 LinkCap 160GTs x4 LinkSta 160GTs x4 compare local pci devices with import information failed PCIeLnx64 command executed failed
A97: 9000 | B97: 6102265104304950 | C97: G230-DM-2 | D97: B8621-IBDD2O | E97: 30228526 | F97: 2026-05-08 11:11:33 | G97: 初检前测 | H97: [字节][擎天]老化功能测试 | I97: COMMON BOARD ERROR FUNCTION Black list check fail fail type sdr
A98: 9000 | B98: 6102228404316672 | C98: G220B-2G1BxxM-T | D98: SH10T1-3E42GA-S | E98: 30228130 | F98: 2026-05-13 08:31:12 | G98: 初检前测 | H98: [客户定制][字节]黑白名单检查_前测 | I98: 2 05132026 001346 Critical Interrupt PCIEStatus Bus Correctable error BDF 000000 Deasserted 2 05132026 001346 Critical Interrupt PCIEStatus Bus Correctable error BDF 000000 Deasserted 2 05132026 001346 Critical Interrupt PCIEStatus Bus Correctable error BDF 000000 Deasserted
A99: 9000 | B99: 6102228404312986 | C99: G220B-2G1BxxM-T | D99: SH10T1-3E42GA-S | E99: 30228126 | F99: 2026-05-13 16:26:23 | G99: 老化测试 | H99: [客户定制][字节]EGS混合压测 6H | I99: 4 05132026 081430 Power Supply B1PSU0Supply Power Supply AC lost Deasserted 5 05132026 081430 Power Supply B1PSU0Supply AC outofrange but present Deasserted 2 05132026 080751 Power Supply B1PSU0Supply Power Supply AC lost Asserted 4 05132026 081430 Power Supply B1PSU0Supply Power Supply AC lost Deasserted 3 05132026 080751 Power Supply B1PSU0Supply AC outofrange but present Asserted 5 05132026 081430 Power Supply B1PSU0Supply AC outofrange but present
A100: 9000 | B100: 6102228404315811 | C100: G220B-2G1BxxM-T | D100: SH10T1-3E42GA-S | E100: 30228128 | F100: 2026-05-13 21:13:15 | G100: 老化测试 | H100: [客户定制][字节]EGS混合压测 6H | I100: 4 05132026 125350 Power Supply B0PSU3Supply Power Supply AC lost Deasserted 5 05132026 125350 Power Supply B0PSU3Supply AC outofrange but present Deasserted 2 05132026 124745 Power Supply B0PSU3Supply Power Supply AC lost Asserted 4 05132026 125350 Power Supply B0PSU3Supply Power Supply AC lost Deasserted 3 05132026 124745 Power Supply B0PSU3Supply AC outofrange but present Asserted 5 05132026 125350 Power Supply B0PSU3Supply AC outofrange but present
...

Sheet Sheet5
A1: 基地 | B1: SN | C1: 机型名 | D1: 套餐名 | E1: 订单号 | F1: 报错时间 | G1: 当前工站 | H1: 报错测试项 | I1: 日志内容 | J1: 不良维度3 | K1: 维修动作 | L1: 故障分类 | M1: 备注 | N1: 处理人
A2: 9000 | B2: 6102228404301155 | C2: G220B-2G1BxxM-T | D2: SH10T1-3E42GA-S | E2: 30228120 | F2: 2026-05-09 00:56:29 | G2: 老化测试 | H2: [客户定制][字节][TMS/JHS]压力测试 | I2: selog1 p2p c box01 T 300 dir uni 004619600INFO save log to systemsltbm20260509004619log use ooutput to change log location Total Test Result FAILURE BDAASLTrunbmcmd1604cmd run error BDAASLTruntestlist1043P2P unidirectional bandwidth test failed test abort ID Result Description Testing Command 0 FAIL P2P unidirectional bandwidth test systemsltbm showcaselog1 p2p c box01 T 300 dir uni FAIL 20260509 005629 fail RESULT FAIL | J2: 字节_[客户定制][字节][TMS/JHS]压力测试_GPU链路报错 | K2: 重插数据线 | L2: 疑似接触不良问题 | M2: 0
A3: 9000 | B3: 6102228404316673 | C3: G220B-2G1BxxM-T | D3: SH10T1-3E42GA-S | E3: 30228130 | F3: 2026-05-12 11:14:12 | G3: 初检前测 | H3: [客户定制][字节]黑白名单检查_前测 | I3: import 01000 15b3197b LinkCap 320GTs x16 LinkSta 320GTs x16 import 02000 15b3197b LinkCap 320GTs x16 LinkSta 320GTs x16 import 02030 15b3197b LinkCap 320GTs x16 LinkSta 320GTs x16 import 03000 15b3a2dc LinkCap 320GTs x16 LinkSta 320GTs x16 import 03001 15b3a2dc LinkCap 320GTs x16 LinkSta 320GTs x16 import 04000 15b3197b LinkCap 320GTs x16 LinkSta 320GTs x16 import 05000 15b3197b LinkCap 320GTs x2 LinkSta 80GTs x2 | J3: 字节_[客户定制][字节]黑白名单检查_前测_PCIE链路报错 | K3: 更换数据线 | L3: 物料问题 | M3: 0
A4: 9000 | B4: 6102117004309890 | C4: G220-BM | D4: S80D1-I9ED2M | E4: 30228519 | F4: 2026-05-09 11:06:49 | G4: 老化测试 | H4: [客户定制][字节] EGS DC测试 5LOOP | I4: Sat May 9 110443 2026 nvme nvme16 Failed to configure AEN cfg 300 May 9 110512 bytedancehostv13 kernel 6608338 T96 nvme nvme16 Failed to configure AEN cfg 300 15 05092026 025618 Critical Interrupt PCIEStatus Bus Uncorrectable error BDF 000000 Deasserted 12 05092026 013246 Drive Slot Bay NVMEStatus Drive Fault Drive Slot04 Asserted 2a 05092026 030402 Drive Slot Bay NVMEStatus Drive Fault Drive Slot16 Asserted | J4: 字节_[客户定制][字节]混合压测1H与DC测试_硬盘降速 | K4: 更换硬盘 | L4: 疑似接触不良问题 | M4: 0
A5: 9000 | B5: 6102228404304283 | C5: G220B-2G1BxxM-T | D5: SH10T1-3E42GA-S | E5: 30228122 | F5: 2026-05-08 00:50:59 | G5: 初检前测 | H5: [客户定制][字节]黑白名单检查_前测 | I5: 2 05072026 163256 Memory Cpu1MEMG0Hot Critical Overtemperature Deasserted 2 05072026 163256 Memory Cpu1MEMG0Hot Critical Overtemperature Deasserted 5 05072026 163304 Memory Cpu1MEMG0Hot Critical Overtemperature Asserted Cpu1MEMG0Hot 4Ah ok 321 Critical Overtemperature | J5: 停用字节_黑白名单检查_前测_内存超温报错 | K5: 更换主板 | L5: 物料问题 | M5: 0
A6: 9000 | B6: 6102228404317346 | C6: G220B-2G1BxxM-T | D6: SH10T1-3E42GA-S | E6: 30228132 | F6: 2026-05-13 09:32:28 | G6: 初检前测 | H6: [客户定制][字节]黑白名单检查_前测 | I6: import 01000 15b3197b LinkCap 320GTs x16 LinkSta 320GTs x16 import 02000 15b3197b LinkCap 320GTs x16 LinkSta 320GTs x16 import 02030 15b3197b LinkCap 320GTs x16 LinkSta 320GTs x16 import 03000 15b3a2dc LinkCap 320GTs x16 LinkSta 320GTs x16 import 03001 15b3a2dc LinkCap 320GTs x16 LinkSta 320GTs x16 import 04000 15b3197b LinkCap 320GTs x16 LinkSta 320GTs x16 import 05000 15b3197b LinkCap 320GTs x2 LinkSta 80GTs x2 | J6: 字节_[客户定制][字节]黑白名单检查_前测_PCIE链路报错 | K6: 更换retimer卡 | L6: 物料问题 | M6: 0
A7: 9000 | B7: 6102228404304258 | C7: G220B-2G1BxxM-T | D7: SH10T1-3E42GA-S | E7: 30228122 | F7: 2026-05-09 18:46:22 | G7: 老化测试 | H7: [字节][千岛湖] BF3 HOST混合压力测试 | I7: Sat May 9 183703 2026 mce Hardware Error Machine check events logged Sat May 9 183703 2026 1Hardware Error Hardware error from APEI Generic Hardware Error Source 0 Sat May 9 183703 2026 1Hardware Error It has been corrected by hw and requires no further action Sat May 9 183703 2026 1Hardware Error event severity corrected Sat May 9 183703 2026 1Hardware Error Error 0 type corrected Sat May 9 183703 2026 1Hardware Error frutext Socket0 Sat May 9 183703 2026 1Hardware Error sectiontype | J7: 停用字节_[千岛湖] BF3 HOST混合压力测试_CPU报错 | K7: 更换CPU | L7: 疑似接触不良问题 | M7: 0
A8: 9000 | B8: 6102228404301183 | C8: G220B-2G1BxxM-T | D8: SH10T1-3E42GA-S | E8: 30228120 | F8: 2026-05-10 15:01:39 | G8: 老化测试 | H8: [客户定制][字节]EGS混合压测 6H | I8: Sun May 10 144231 2026 mce Hardware Error Machine check events logged Sun May 10 144231 2026 mce Hardware Error Machine check events logged Sun May 10 144231 2026 1Hardware Error Hardware error from APEI Generic Hardware Error Source 0 Sun May 10 144231 2026 1Hardware Error It has been corrected by hw and requires no further action Sun May 10 144231 2026 1Hardware Error event severity corrected Sun May 10 144231 2026 1Hardware Error Error 0 type corrected Sun May 10 144231 2026 1Hardware Error | J8: 停用字节_EGS混合压测-6H_CPU报错 | K8: 更换CPU | L8: 疑似接触不良问题 | M8: 0
A9: 9000 | B9: 6102228404316673 | C9: G220B-2G1BxxM-T | D9: SH10T1-3E42GA-S | E9: 30228130 | F9: 2026-05-12 13:47:32 | G9: 初检前测 | H9: [客户定制][字节]黑白名单检查_前测 | I9: import 01000 15b3197b LinkCap 320GTs x16 LinkSta 320GTs x16 import 02000 15b3197b LinkCap 320GTs x16 LinkSta 320GTs x16 import 02030 15b3197b LinkCap 320GTs x16 LinkSta 320GTs x16 import 03000 15b3a2dc LinkCap 320GTs x16 LinkSta 320GTs x16 import 03001 15b3a2dc LinkCap 320GTs x16 LinkSta 320GTs x16 import 04000 15b3197b LinkCap 320GTs x16 LinkSta 320GTs x16 import 05000 15b3197b LinkCap 320GTs x2 LinkSta 80GTs x2 | J9: 字节_[客户定制][字节]黑白名单检查_前测_PCIE链路报错 | K9: 更换数据线 | L9: 物料问题 | M9: 0
A10: 9000 | B10: 6102228404312978 | C10: G220B-2G1BxxM-T | D10: SH10T1-3E42GA-S | E10: 30228126 | F10: 2026-05-12 17:16:34 | G10: 老化测试 | H10: [字节][千岛湖]AC测试V2 | I10: Tue May 12 170800 2026 mce Hardware Error Machine check events logged Tue May 12 170800 2026 EDAC skx MC6 HANDLING MCE MEMORY ERROR Tue May 12 170800 2026 EDAC MC6 18869 CE memory scrubbing error on CPUSrcID1MC2Chan0DIMM0 channel0 slot0 page0xa073495 offset0xc00 grain32 syndrome0x0 errcode0x00080x00c0 ProcessorSocketId0x1 MemoryControllerId0x2 PhysicalRankId0x0 Row0x38c9 Column0x7f0 Bank0x2 BankGroup0x5 Tue May 12 170800 2026 1Hardware Error Hardware error from APEI Generic Hardware Error Sour | J10: 字节_[字节][千岛湖]AC测试V2_内存Correctable ECC | K10: 更换内存 | L10: 物料问题 | M10: 0
A11: 9000 | B11: 6102228404322539 | C11: G220B-2G1BxxM-T | D11: SH10T1-3E42GA-S | E11: 30227559 | F11: 2026-05-14 08:20:40 | G11: 初检前测 | H11: 硬件信息检查 | I11: PCI Local addr 00009d000 LnkCap 16GTsx4 LnkSta 16GTsx4 equal PCI Local addr 00009e000 LnkCap 16GTsx4 LnkSta 16GTsx4 equal PCI Local addr 0000a0000 LnkCap 16GTsx4 LnkSta 16GTsx4 equal PCI1 Local Count 3 PCI1 check result fail PCI check result fail Disk Disk0 Input SN B5400016 Model SOLIDIGM SSDPF2KX038T1 Count 4 Revision 9CV10511 Disk0 Local Count 3 Disk0 check result fail Disk check result fail | J11: 硬盘数量比对报错（丢盘） | K11: 更换背板 | L11: 物料问题 | M11: 0
A12: 9000 | B12: 6102228404322539 | C12: G220B-2G1BxxM-T | D12: SH10T1-3E42GA-S | E12: 30227559 | F12: 2026-05-14 08:48:44 | G12: 初检前测 | H12: 硬件信息检查 | I12: PCI Local addr 00009d000 LnkCap 16GTsx4 LnkSta 16GTsx4 equal PCI Local addr 00009e000 LnkCap 16GTsx4 LnkSta 16GTsx4 equal PCI Local addr 0000a0000 LnkCap 16GTsx4 LnkSta 16GTsx4 equal PCI1 Local Count 3 PCI1 check result fail PCI check result fail Disk Disk0 Input SN B5400016 Model SOLIDIGM SSDPF2KX038T1 Count 4 Revision 9CV10511 Disk0 Local Count 3 Disk0 check result fail Disk check result fail | J12: 硬盘数量比对报错（丢盘） | K12: 更换背板 | L12: 物料问题 | M12: 0
A13: 9000 | B13: 6102228404322539 | C13: G220B-2G1BxxM-T | D13: SH10T1-3E42GA-S | E13: 30227559 | F13: 2026-05-14 10:03:53 | G13: 初检前测 | H13: 硬件信息检查 | I13: PCI Local addr 00009d000 LnkCap 16GTsx4 LnkSta 16GTsx4 equal PCI Local addr 00009e000 LnkCap 16GTsx4 LnkSta 16GTsx4 equal PCI Local addr 0000a0000 LnkCap 16GTsx4 LnkSta 16GTsx4 equal PCI1 Local Count 3 PCI1 check result fail PCI check result fail Disk Disk0 Input SN B5400016 Model SOLIDIGM SSDPF2KX038T1 Count 4 Revision 9CV10511 Disk0 Local Count 3 Disk0 check result fail Disk check result fail | J13: 硬盘数量比对报错（丢盘） | K13: 更换背板 | L13: 物料问题 | M13: 0
... A41: 9000 | B41: 6102264704305173 | C41: S520-BM | D41: SD8S1-I9DS3B-L | E41: 30228541 | F41: 2026-05-08 09:15:33 | G41: 初检前测 | H41: [客户定制][字节]黑白名单检查 | I41: 12 05082026 010459 Drive Slot Bay HDDStatus Drive Present Drive Slot01 Deasserted 13 05082026 010501 Drive Slot Bay HDDStatus Drive Present Drive Slot05 Deasserted | J41: 停用字节_BytedQC 前测 PreTest_硬盘报错 | K41: 更换硬盘 | L41: 物料问题 | M41: 0

Sheet Sheet2
A1: 基地 | B1: 销售订单 | C1: 生产订单 | D1: L6标识 | E1: 机型 | F1: 主机条码 | G1: 客户序列号 | H1: 资产号 | I1: NG工站 | J1: NG报工人员 | K1: NG报工时间 | L1: 不良现象维度2 | M1: 不良现象维度3 | N1: 维修人员 | O1: 复检人员 | P1: 维修时间 | Q1: 维修维度3 | R1: 二次物料标识 | S1: 涉及部件 | T1: 缺陷责任分类 | U1: 重插物料编码 | V1: 重插物料序号 | W1: 描述 | X1: 物料编码 | Y1: 物料描述 | Z1: OEM料号 | AA1: OEM描述 | AB1: 物料类型 | AC1: 替换前内部/OEM码 | AD1: 替换前原厂码 | AE1: 替换后内部/OEM码 | AF1: 替换后原厂码 | AG1: 非关键件物料序号 | AH1: 槽位 | AI1: 复判人员 | AJ1: 复判结论 | AK1: 复判问题描述 | AL1: 复判输入备注 | AM1: 项目专用 | AN1: RMA复判人员 | AO1: RMA复判结论 | AP1: RMA复判二级 | AQ1: RMA复判三级 | AR1: RMA复判四级 | AS1: 拦截部件压测项 | AT1: 有效性
A2: 9000 | B2: 100001781--60 | C2: 30227588 | E2: 6410 X21 | F2: 6102228104304782 | I2: TXM-OP205初检前测 | J2: 吴伊彬 | K2: 2026-05-08 16:20:08 | L2: 停用字节_[千岛湖]G51_BOX retimer FW 刷新V3 | M2: 停用字节_[千岛湖]G51_BOX retimer FW 刷新V3_FRU信息不全 | N2: 吴伊彬 | O2: 何向丰 桐乡 | P2: 2026-05-08 16:45:46 | Q2: 更换CDFP线 | S2: CDFP线 | T2: 物料问题 | W2: 交叉跟着线走更换CDFP线0,20251129 | AG2: 37002280
A3: 9000 | B3: 100001828--90 | C3: 30228123 | E3: 6410 X21 | F3: 6102228104304179 | I3: TXM-OP210老化测试 | J3: 吴伊彬 | K3: 2026-05-08 08:31:33 | L3: 停用字节_[TMS/JHS]压力测试 | M3: 停用字节_[TMS/JHS]压力测试_压力测试失败 | N3: 吴伊彬 | O3: 何向丰 桐乡 | P3: 2026-05-08 10:44:43 | Q3: 重插GPU卡 | S3: GPU | T3: 疑似接触不良问题 | U3: B2400017 | W3: 交叉 SLOT1/5 | AH3: SLOT1
A4: 9000 | B4: 100001828--90 | C4: 30228123 | E4: 6410 X21 | F4: 6102228104304236 | I4: TXM-OP210老化测试 | J4: 吴伊彬 | K4: 2026-05-09 14:42:42 | L4: 停用字节_[千岛湖]AC测试V2 | M4: 停用字节_[千岛湖]AC测试V2_无温度值 | N4: 吴伊彬 | O4: 何向丰 桐乡 | P4: 2026-05-09 15:43:49 | Q4: 更换GPU卡 | S4: GPU | T4: 物料问题 | W4: 交叉GPU验证跟着走，更换slot5 | X4: B2400017 | Y4: 九华山 火山引擎JHS33211-9 E4x16视频加速卡-B02 | AB4: 04 | AC4: B240001760038145 | AD4: 8SSTA7C06719L7HF63D036D | AE4: B240001760045303 | AF4: 8SSTA7C06719L7HF63D00MG | AH4: slot5 | AI4: 安冰滑 | AJ4: NG | AK4: 系统下无法获取该 GPU 的温度数据。 | AM4: 095TOUTI01
A5: 9000 | B5: 100001828--120 | C5: 30228125 | E5: 6410 X21 | F5: 6102228104309936 | I5: TXM-OP205初检前测 | J5: 吴伊彬 | K5: 2026-05-09 09:21:51 | L5: 停用字节_[千岛湖]BOX FRU信息检查V3 | M5: 停用字节_[千岛湖]BOX FRU信息检查V3_PCIE识别不全 | N5: 吴伊彬 | O5: 何向丰 桐乡 | P5: 2026-05-09 10:39:29 | Q5: 更换GPU卡 | S5: GPU | T5: 物料问题 | W5: 更换slot4 | X5: B2400017 | Y5: 九华山 火山引擎JHS33211-9 E4x16视频加速卡-B02 | AB5: 04 | AC5: B240001760045585 | AD5: 8SSTA7C06719L7HF63D010X | AE5: B240001760045296 | AF5: 8SSTA7C06719L7HF63D0176 | AH5: slot4 | AI5: 安冰滑 | AJ5: NG | AK5: PCIE识别不全，外观无异常 | AM5: 095TOUTI01
A6: 9000 | B6: 100001828--90 | C6: 30228121 | E6: 6410 X21 | F6: 6102228104301008 | I6: TXM-OP210老化测试 | J6: 吴伊彬 | K6: 2026-05-08 15:49:14 | L6: 停用字节_黑白名单检查_压测 | M6: 停用字节_黑白名单检查_压测_XID报错 | N6: 吴伊彬 | O6: 何向丰 桐乡 | P6: 2026-05-08 16:44:35 | Q6: 更换GPU卡 | S6: GPU | T6: 物料问题 | W6: 更换slot10 | X6: B2400017 | Y6: 九华山 火山引擎JHS33211-9 E4x16视频加速卡-B02 | AB6: 04 | AC6: B240001760037758 | AD6: 8SSTA7C06719L7HF63703VG | AE6: B240001760045291 | AF6: 8SSTA7C06719L7HF63D059B | AH6: slot10 | AI6: 安冰滑 | AJ6: NG | AK6: XID报错，外观无异常 | AM6: 095TOUTI01
A7: 9000 | B7: 100001828--120 | C7: 30228131 | E7: 6410 X21 | F7: 6102228104316621 | I7: TXM-OP205初检前测 | J7: 吴伊彬 | K7: 2026-05-12 14:46:24 | L7: 字节_[字节]健康检查 | M7: 字节_[字节]健康检查_GPU降带宽 | N7: 吴伊彬 | O7: 何向丰 桐乡 | P7: 2026-05-12 15:28:32 | Q7: 重插GPU卡 | S7: GPU | T7: 疑似接触不良问题 | U7: B2400017 | W7: 交叉slot10/7 | AH7: slot10
A8: 9000 | B8: 100001828--120 | C8: 30228133 | E8: 6410 X21 | F8: 6102228104317302 | I8: TXM-OP210老化测试 | J8: 吴伊彬 | K8: 2026-05-16 10:46:35 | L8: 字节_[客户定制][字节] DC测试 8LOOP | M8: 字节_[客户定制][字节] DC测试 8LOOP_GPU链路报错 | N8: 吴伊彬 | O8: 何向丰 桐乡 | P8: 2026-05-16 11:25:41 | Q8: 重插GPU卡 | S8: GPU | T8: 疑似接触不良问题 | U8: B2400017 | W8: 交叉SLOT1/10 | AH8: SLOT1
A9: 9000 | B9: 100001781--60 | C9: 30227558 | E9: 6410 X21 | F9: 6102228104322476 | I9: TXM-OP210老化测试 | J9: 吴伊彬 | K9: 2026-05-15 10:18:29 | L9: 字节_[客户定制][字节][TMS/JHS]压力测试 | M9: 字节_[客户定制][字节][TMS/JHS]压力测试_GPU性能不达标 | N9: 吴伊彬 | O9: 何向丰 桐乡 | P9: 2026-05-15 10:57:47 | Q9: 重插GPU卡 | S9: GPU | T9: 疑似接触不良问题 | U9: B2400017 | W9: 交叉slot1/5 | AH9: slot1
A10: 9000 | B10: 100001828--120 | C10: 30228131 | E10: 6410 X21 | F10: 6102228104316630 | I10: TXM-OP205初检前测 | J10: 吴伊彬 | K10: 2026-05-12 09:55:16 | L10: 字节_[字节][千岛湖]BOX FRU信息检查V3 | M10: 字节_[字节][千岛湖]BOX FRU信息检查V3_GPU不识别 | N10: 吴伊彬 | O10: 何向丰 桐乡 | P10: 2026-05-12 10:51:29 | Q10: 重插GPU卡 | S10: GPU | T10: 疑似接触不良问题 | U10: B2400017 | W10: 交叉slot10/7 | AH10: slot10
A11: 9000 | B11: 100001781--60 | C11: 30227560 | E11: 6410 X21 | F11: 6102228104323771 | I11: TXM-OP205初检前测 | J11: 吴伊彬 | K11: 2026-05-15 15:57:45 | L11: 字节_[客户定制][字节]黑白名单检查_前测 | M11: 字节_[客户定制][字节]黑白名单检查_前测_PCIE链路报错 | N11: 何向丰 | O11: 吴伊彬 桐乡 | P11: 2026-05-15 16:00:51 | Q11: 重插GPU卡 | S11: GPU | T11: 疑似接触不良问题 | U11: B2400017 | W11: 交叉SLOT6/4,SLOT7/1 | AH11: SLOT6/7
A12: 9000 | B12: 100001828--120 | C12: 30228131 | E12: 6410 X21 | F12: 6102228104316566 | I12: TXM-OP205初检前测 | J12: 吴伊彬 | K12: 2026-05-12 10:24:15 | L12: 字节_[客户定制][字节]黑白名单检查_前测 | M12: 字节_[客户定制][字节]黑白名单检查_前测_PCIE链路报错 | N12: 吴伊彬 | O12: 何向丰 桐乡 | P12: 2026-05-12 14:53:39 | Q12: 更换数据线 | S12: 数据线 | T12: 物料问题 | W12: 交叉跟着CDFP线走，更换CDFP线7,20251119 | AG12: 37002280
A13: 9000 | B13: 100001828--60 | C13: 30228106 | E13: 6410 X21 | F13: 6102228104323789 | I13: TXM-OP205初检前测 | J13: 吴伊彬 | K13: 2026-05-16 10:48:41 | L13: 字节_[客户定制][字节]黑白名单检查_前测 | M13: 字节_[客户定制][字节]黑白名单检查_前测_PCIE链路报错 | N13: 吴伊彬 | O13: 何向丰 桐乡 | P13: 2026-05-16 11:46:19 | Q13: 重插GPU卡 | S13: GPU | T13: 疑似接触不良问题 | U13: B2400017 | W13: 交叉slot11/7，slot10/5，slot9/3 | AH13: slot11,slot10,slot9
A14: 9000 | B14: 100001781--60 | C14: 30227558 | E14: 6410 X21 | F14: 6102228104322512 | I14: TXM-OP205初检前测 | J14: 吴伊彬 | K14: 2026-05-14 10:58:23 | L14: 字节_[字节][千岛湖]BF3网卡打开主机访问 | M14: 字节_[字节][千岛湖]BF3网卡打开主机访问_CDFP链路丢卡 | N14: 吴伊彬 | O14: 何向丰 桐乡 | P14: 2026-05-14 11:15:57 | Q14: 更换数据线 | S14: 数据线 | T14: 物料问题 | W14: 交叉跟着CDFP线走，更换CDFP线0，20250712 | AG14: 37003507
A15: 9000 | B15: 100001781--60 | C15: 30227558 | E15: 6410 X21 | F15: 6102228104322506 | I15: TXM-OP205初检前测 | J15: 吴伊彬 | K15: 2026-05-14 11:01:08 | L15: 字节_[字节][千岛湖]BF3网卡打开主机访问 | M15: 字节_[字节][千岛湖]BF3网卡打开主机访问_CDFP链路丢卡 | N15: 吴伊彬 | O15: 何向丰 桐乡 | P15: 2026-05-14 11:16:32 | Q15: 更换数据线 | S15: 数据线 | T15: 物料问题 | W15: 交叉跟着CDFP线走，更换CDFP线0，20250712 | AG15: 37003507
A16: 9000 | B16: 100001781--50 | C16: 30227559 | E16: 6210 C21 BOX | F16: 6102228404322539 | H16: 2026-ck-srv-063624 | I16: TXM-OP205初检前测 | J16: 吴伊彬 | K16: 46156.494 | L16: 硬件信息检查 | M16: 硬盘数量比对报错（丢盘） | N16: 吴伊彬 | O16: 何向丰 桐乡 | P16: 2026-05-14 14:01:20 | Q16: 更换背板 | S16: 背板 | T16: 物料问题 | W16: 重插交叉硬盘及数据线无效，交叉跟着背板走，更换硬盘背板 | X16: 24004174 | Y16: BD32G04-8639-U2 C01 硬盘背板(B02-YC)-GT | AB16: 02 | AC16: 2400417430086548 | AE16: 2400417460025637 | AI16: 安冰滑 | AJ16: OK | AK16: 同配置下验证故障未复现 | AM16: 095TOUTI01 | AS16: PCI Local addr 00009e000 LnkCap 16GTsx4 LnkSta 16GTsx4 equal PCI Local addr 00009f000 LnkCap 16GTsx4 LnkSta 16GTsx4 equal PCI Local addr 0000a0000 LnkCap 16GTsx4 LnkSta 16GTsx4 equal PCI1 Local Count 3 PCI1 check result fail PCI check result fail Disk Disk0 Input SN B5400016 Model SOLIDIGM SSDPF2KX038T1 Count 4 Revision 9CV10511 Disk0 Local Count 3 Disk0 check result fail Disk check result fail
A17: 9000 | B17: 100001828--110 | C17: 30228124 | E17: 6210 C21 BOX | F17: 6102228404310028 | H17: 2026-ck-srv-062865 | I17: TXM-OP205初检前测 | J17: 吴伊彬 | K17: 2026-05-09 13:14:20 | L17: 停用字节_黑白名单检查_前测 | M17: 停用字节_黑白名单检查_前测_PCIE链路报错 | N17: 何向丰 | O17: 吴伊彬 桐乡 | P17: 2026-05-09 13:18:55 | Q17: 重插MCIO线 | S17: MCIO线缆 | T17: 疑似接触不良问题 | U17: 37002287 | W17: 重插MCIO线缆J80/J87，交叉J1/J2 | AH17: J87/J80 | AS17: import 01000 15b3197b LinkCap 320GTs x16 LinkSta 320GTs x16 import 02000 15b3197b LinkCap 320GTs x16 LinkSta 320GTs x16 import 02030 15b3197b LinkCap 320GTs x16 LinkSta 320GTs x16 import 03000 15b3a2dc LinkCap 320GTs x16 LinkSta 320GTs x16 import 03001 15b3a2dc LinkCap 320GTs x16 LinkSta 320GTs x16 import 04000 15b3197b LinkCap 320GTs x16 LinkSta 320GTs x16 import 05000 15b3197b LinkCap 320GTs x2 LinkSta 80GTs x2
A18: 9000 | B18: 100001828--110 | C18: 30228124 | E18: 6210 C21 BOX | F18: 6102228404310036 | H18: 2026-ck-srv-062873 | I18: TXM-OP205初检前测 | J18: 吴伊彬 | K18: 2026-05-09 13:13:34 | L18: 停用字节_黑白名单检查_前测 | M18: 停用字节_黑白名单检查_前测_内存ECC报错 | N18: 吴伊彬 | O18: 何向丰 桐乡 | P18: 2026-05-09 13:47:07 | Q18: 更换内存 | S18: 内存 | T18: 物料问题 | W18: 更换P0-C0-D0 | X18: B5000026 | Y18: CX CXMR4E464R8AS DDR5 56R 64G内存-B02 | AB18: 04 | AC18: B500002660419605 | AD18: 8A91502550B021F9F6 | AE18: B500002660424457 | AF18: 8A91502550B0220CEB | AH18: P0-C0-D0 | AI18: 安冰滑 | AJ18: NG | AK18: 内存ECC报错，外观无异常 | AM18: 095TOUTI01 | AS18: Sat May 9 102940 2026 mce Hardware Error Machine check events logged Sat May 9 102940 2026 mce Hardware Error CPU 0 Machine Check 0 Bank 13 8c14694200800090 Sat May 9 102940 2026 mce Hardware Error TSC 0 ADDR 6d542d40 MISC 900024011987086 Sat May 9 102940 2026 mce Hardware Error PROCESSOR 0806f8 TIME 1778293773 SOCKET 0 APIC 0 microcode 2b000643 Sat May 9 102940 2026 mce Hardware Error Machine check events logged Sat May 9 102940 2026 mce Hardware Error CPU 0 Machine Check 0 Bank 13 8c001
A19: 9000 | B19: 100001828--80 | C19: 30228122 | E19: 6210 C21 BOX | F19: 6102228404304283 | H19: 2026-ck-srv-062245 | I19: TXM-OP205初检前测 | J19: 吴伊彬 | K19: 2026-05-08 10:42:33 | L19: 停用字节_黑白名单检查_前测 | M19: 停用字节_黑白名单检查_前测_内存超温报错 | N19: 吴伊彬 | O19: 何向丰 桐乡 | P19: 2026-05-08 13:18:44 | Q19: 更换主板 | S19: 主板 | T19: 物料问题 | W19: 交叉内存及CPU无效，PE指导更换主板 | X19: 24004825 | Y19: YICHUN_60EA32-BD C01 主板(B02 IFX_PFR-HD） | AB19: 04 | AC19: 2400482560000129 | AD19: S123335260700079 | AE19: 2400482560000645 | AF19: S123335261000095 | AM19: 095TOUTI01 | AS19: Test Failure
A20: 9000 | B20: 100001828--110 | C20: 30228126 | E20: 6210 C21 BOX | F20: 6102228404312999 | H20: 2026-ck-srv-063044 | I20: TXM-OP210老化测试 | J20: 吴伊彬 | K20: 2026-05-11 18:23:41 | L20: 字节_[客户定制][字节] DC测试 8LOOP | M20: 字节_[客户定制][字节] DC测试 8LOOP_CPU CE报错 | N20: 吴伊彬 | O20: 何向丰 桐乡 | P20: 2026-05-11 18:47:25 | Q20: 重插CPU | S20: CPU | T20: 疑似接触不良问题 | U20: B6200004 | W20: CPU0 CE报错,重插CPU0 | AH20: CPU0 | AS20: Test Failure
A21: 9000 | B21: 100001828--110 | C21: 30228126 | E21: 6210 C21 BOX | F21: 6102228404312999 | H21: 2026-ck-srv-063044 | I21: TXM-OP210老化测试 | J21: 吴伊彬 | K21: 2026-05-12 09:46:26 | L21: 字节_[客户定制][字节] DC测试 8LOOP | M21: 字节_[客户定制][字节] DC测试 8LOOP_CPU CE报错 | N21: 吴伊彬 | O21: 何向丰 桐乡 | P21: 2026-05-12 10:52:50 | Q21: 重插CPU | S21: CPU | T21: 疑似接触不良问题 | U21: B6200004 | W21: CPU0 CE报错,交叉CPU验证 | AH21: CPU0
A22: 9000 | B22: 100001828--50 | C22: 30228103 | E22: 6210 C21 BOX | F22: 6102228404323859 | H22: 2026-ck-srv-063726 | I22: TXM-OP200老化初检 | J22: 吴伊彬 | K22: 2026-05-15 16:00:17 | L22: 字节_[字节][千岛湖]BOX FRU信息检查V3 | M22: 字节_[字节][千岛湖]BOX FRU信息检查V3_GPU不识别 | N22: 吴伊彬 | O22: 何向丰 桐乡 | P22: 2026-05-15 16:19:07 | Q22: 重插CPU | S22: CPU | T22: 疑似接触不良问题 | U22: B6200004 | W22: 交叉CPU验证 | AH22: CPU0
A23: 9000 | B23: 100001828--50 | C23: 30228103 | E23: 6210 C21 BOX | F23: 6102228404323859 | H23: 2026-ck-srv-063726 | I23: TXM-OP200老化初检 | J23: 吴伊彬 | K23: 2026-05-15 14:04:04 | L23: 字节_[字节][千岛湖]BOX FRU信息检查V3 | M23: 字节_[字节][千岛湖]BOX FRU信息检查V3_GPU不识别 | N23: 吴伊彬 | O23: 何向丰 桐乡 | P23: 2026-05-15 14:20:08 | Q23: 更换数据线 | S23: 数据线 | T23: 物料问题 | W23: 交叉数据线J24/J25复现无效，更换数据线20260317 | AG23: 37002322
A24: 9000 | B24: 100001828--50 | C24: 30228103 | E24: 6210 C21 BOX | F24: 6102228404323859 | H24: 2026-ck-srv-063726 | I24: TXM-OP205初检前测 | J24: 吴伊彬 | K24: 2026-05-15 10:19:20 | L24: 字节_[字节][千岛湖]BOX FRU信息检查V3 | M24: 字节_[字节][千岛湖]BOX FRU信息检查V3_GPU不识别 | N24: 吴伊彬 | O24: 何向丰 桐乡 | P24: 2026-05-15 10:58:52 | Q24: 重插数据线 | S24: 数据线 | T24: 疑似接触不良问题 | U24: 37002322 | W24: 交叉数据线J24/J25 | AS24: Test Failure
A25: 9000 | B25: 100001828--80 | C25: 30228120 | E25: 6210 C21 BOX | F25: 6102228404301183 | H25: 2026-ck-srv-062122 | I25: TXM-OP220老化综检 | J25: 吴伊彬 | K25: 2026-05-15 11:28:17 | L25: 字节_[客户定制][字节]EGS混合压测 6H | M25: 字节_[客户定制][字节]EGS混合压测 6H_CPU CE报错 | N25: 吴伊彬 | O25: 何向丰 桐乡 | P25: 2026-05-15 11:29:22 | Q25: 更换CPU | S25: CPU | T25: 物料问题 | W25: 交叉CPU验证跟着走，更换CPU1 | X25: B6200004 | Y25: Intel 8457C 2.6G 97.5M 48C 350W LJS(B02) | AB25: 04 | AC25: B620000472635431 | AD25: M57018V700420 | AE25: B620000472651092 | AF25: M5964EL500156 | AH25: CPU1 | AI25: 安冰滑 | AJ25: NG | AK25: CPU CE报错，外观无异常 | AM25: 095TOUTI01
A26: 9000 | B26: 100001828--110 | C26: 30228130 | E26: 6210 C21 BOX | F26: 6102228404316644 | H26: 2026-ck-srv-063182 | I26: TXM-OP200老化初检 | J26: 吴伊彬 | K26: 2026-05-11 18:17:20 | L26: 字节_[客户定制][字节]BF3串口通信检查 | M26: 字节_[客户定制][字节]BF3串口通信检查_BF3串口检查失败 | N26: 吴伊彬 | O26: 何向丰 桐乡 | P26: 2026-05-11 18:46:16 | Q26: 重插智能网卡 | S26: BF3智能网卡 | T26: 疑似接触不良问题 | U26: B2400017 | W26: 重插BF3网卡，整理链路 | AH26: PCIE0
A27: 9000 | B27: 100001828--110 | C27: 30228130 | E27: 6210 C21 BOX | F27: 6102228404316641 | H27: 2026-ck-srv-063179 | I27: TXM-OP200老化初检 | J27: 吴伊彬 | K27: 2026-05-11 18:17:58 | L27: 字节_[客户定制][字节]BF3串口通信检查 | M27: 字节_[客户定制][字节]BF3串口通信检查_BF3串口检查失败 | N27: 吴伊彬 | O27: 何向丰 桐乡 | P27: 2026-05-11 18:46:44 | Q27: 重插智能网卡 | S27: BF3智能网卡 | T27: 疑似接触不良问题 | U27: B2400017 | W27: 重插BF3网卡，整理链路 | AH27: PCIE0
A28: 9000 | B28: 100001828--110 | C28: 30228128 | E28: 6210 C21 BOX | F28: 6102228404315812 | H28: 2026-ck-srv-063167 | I28: TXM-OP205初检前测 | J28: 吴伊彬 | K28: 2026-05-11 09:08:09 | L28: 字节_[客户定制][字节]BF3串口通信检查 | M28: 字节_[客户定制][字节]BF3串口通信检查_BF3串口检查失败 | N28: 何向丰 | O28: 吴伊彬 桐乡 | P28: 2026-05-11 09:25:29 | Q28: 重插网卡 | S28: BF3智能网卡 | T28: 疑似接触不良问题 | U28: B2400016 | W28: 重插BF3网卡 | AH28: DPU | AS28: All serial port test FAIL test result FAIL RESULT FAIL
A29: 9000 | B29: 100001828--110 | C29: 30228130 | E29: 6210 C21 BOX | F29: 6102228404316673 | H29: 2026-ck-srv-063211 | I29: TXM-OP205初检前测 | J29: 吴伊彬 | K29: 2026-05-13 11:37:49 | L29: 字节_[客户定制][字节]黑白名单检查_前测 | M29: 字节_[客户定制][字节]黑白名单检查_前测_PCIE链路报错 | N29: 何向丰 | O29: 吴伊彬 桐乡 | P29: 2026-05-13 13:36:32 | Q29: 更换数据线 | S29: 数据线 | T29: 物料问题 | W29: 更换MCIO线缆J24/J25验证 | AG29: 37002322 | AH29: J24/J25 | AS29: Wed May 13 103829 2026 brcmpexnt2 ERROR Invalid Ham Device Context HAM Context 0000000000000000 Wed May 13 103829 2026 brcmpexnt2 ERROR Invalid Ham Device Context HAM Context 0000000000000000 Wed May 13 103829 2026 brcmpexnt2 ERROR Invalid Ham Device Context HAM Context 0000000000000000 Wed May 13 103829 2026 brcmpexnt2 ERROR Invalid Ham Device Context HAM Context 0000000000000000 Wed May 13 103829 2026 brcmpexnt2 ERROR Invalid Ham Device Context HAM Context 0000000000000000
A30: 9000 | B30: 100001828--110 | C30: 30228132 | E30: 6210 C21 BOX | F30: 6102228404317346 | H30: 2026-ck-srv-063397 | I30: TXM-OP205初检前测 | J30: 吴伊彬 | K30: 2026-05-13 11:38:34 | L30: 字节_[客户定制][字节]黑白名单检查_前测 | M30: 字节_[客户定制][字节]黑白名单检查_前测_PCIE链路报错 | N30: 何向丰 | O30: 吴伊彬 桐乡 | P30: 2026-05-13 13:38:26 | Q30: 更换retimer卡 | S30: Retimer卡 | T30: 物料问题 | W30: 交叉retimer卡验证跟着走，更换retimer卡2 | X30: 24003586 | Y30: R1E6-M-U4 A01 Retimer卡(Montage)(B02-QDH) | AB30: 04 | AC30: 2400358660308689 | AD30: C0112602HT307260812642 | AE30: 2400358660299733 | AF30: C0112602HT307260353072 | AH30: retimer2 | AI30: 安冰滑 | AJ30: NG | AK30: PCIE链路报错，外观无异常 | AM30: 095TOUTI01 | AS30: 9 05132026 013501 Power Supply RedundantPSU Fully Redundant Deasserted 7 05132026 013451 Power Unit PowerFault State Asserted ErrorType OTHER Asserted b 05132026 013547 Power Unit PowerFault State Asserted ErrorType OTHER Asserted 7 05132026 013451 Power Unit PowerFault State Asserted ErrorType OTHER Asserted b 05132026 013547 Power Unit PowerFault State Asserted ErrorType OTHER Asserted 8 05132026 013457 Power Supply PSU0Supply Power Supply AC lost A
A31: 9000 | B31: 100001828--110 | C31: 30228130 | E31: 6210 C21 BOX | F31: 6102228404316673 | H31: 2026-ck-srv-063211 | I31: TXM-OP205初检前测 | J31: 吴伊彬 | K31: 2026-05-12 14:45:47 | L31: 字节_[客户定制][字节]黑白名单检查_前测 | M31: 字节_[客户定制][字节]黑白名单检查_前测_PCIE链路报错 | N31: 吴伊彬 | O31: 何向丰 桐乡 | P31: 2026-05-12 15:27:54 | Q31: 重插数据线 | S31: 数据线 | T31: 疑似接触不良问题 | U31: 37002322 | W31: 重插MCIO J24 J25 | AS31: import 01000 15b3197b LinkCap 320GTs x16 LinkSta 320GTs x16 import 02000 15b3197b LinkCap 320GTs x16 LinkSta 320GTs x16 import 02030 15b3197b LinkCap 320GTs x16 LinkSta 320GTs x16 import 03000 15b3a2dc LinkCap 320GTs x16 LinkSta 320GTs x16 import 03001 15b3a2dc LinkCap 320GTs x16 LinkSta 320GTs x16 import 04000 15b3197b LinkCap 320GTs x16 LinkSta 320GTs x16 import 05000 15b3197b LinkCap 320GTs x2 LinkSta 80GTs x2
A32: 9000 | B32: 100001781--50 | C32: 30227559 | E32: 6210 C21 BOX | F32: 6102228404322538 | H32: 2026-ck-srv-063623 | I32: TXM-OP205初检前测 | J32: 吴伊彬 | K32: 2026-05-14 13:23:18 | L32: 字节_[字节][千岛湖]BF3网卡打开主机访问 | M32: 字节_[字节][千岛湖]BF3网卡打开主机访问_CDFP链路丢卡 | N32: 吴伊彬 | O32: 何向丰 桐乡 | P32: 2026-05-14 14:00:17 | Q32: 重插数据线 | S32: 数据线 | T32: 疑似接触不良问题 | U32: 37002322 | W32: 重插MCIO J24 J25 | AS32: Test Failure
A33: 9000 | B33: 100001828--80 | C33: 30228122 | E33: 6210 C21 BOX | F33: 6102228404304258 | H33: 2026-ck-srv-062220 | I33: TXM-OP215综检后测 | J33: 吴伊彬 | K33: 2026-05-14 16:21:38 | L33: 字节_[客户定制][字节]MEMTESTER与FIO测试 | M33: 字节_[客户定制][字节]MEMTESTER与FIO测试_CPU CE报错 | N33: 吴伊彬 | O33: 何向丰 桐乡 | P33: 2026-05-14 16:22:23 | Q33: 更换CPU | S33: CPU | T33: 物料问题 | W33: 交叉CPU验证跟着走，更换当前CPU1 | X33: B6200004 | Y33: Intel 8457C 2.6G 97.5M 48C 350W LJS(B02) | AB33: 04 | AC33: B620000472637215 | AD33: M574631700208 | AE33: B620000472650746 | AF33: M5964EL500383 | AH33: CPU1 | AI33: 安冰滑 | AJ33: NG | AK33: CPU CE报错，外观无异常 | AM33: 095TOUTI01 | AS33: Test Failure
A34: 9000 | B34: 100001826--20 | C34: 30228518 | E34: 6210 C21 | F34: 6102117004304851 | H34: 2026-ck-srv-062767 | I34: TXM-OP205初检前测 | J34: 吴伊彬 | K34: 2026-05-08 15:50:03 | L34: 停用字节_黑白名单检查 | M34: 停用字节_黑白名单_风扇转速异常 | N34: 吴伊彬 | O34: 何向丰 桐乡 | P34: 2026-05-08 16:43:48 | Q34: 更换系统风扇 | S34: 风扇 | T34: 物料问题 | W34: 交叉风扇验证跟着走，更换风扇5 | X34: 3003384 | Y34: 丰衡E20机箱SUNON6056风扇模组（B02定制）R1 | AB34: 02 | AC34: 0300338430779253 | AE34: 0300338430787426 | AH34: 风扇5 | AI34: 安冰滑 | AJ34: NG | AK34: 转速告警 | AM34: 095TOUTI01 | AS34: 2c 05082026 061617 Fan FAN5RSpeed Lower Critical going low Deasserted Reading 768 Threshold 192 RPM 2e 05082026 061658 Fan FAN5RSpeed Lower Critical going low Deasserted Reading 3744 Threshold 192 RPM 30 05082026 061754 Fan FAN5RSpeed Lower Critical going low Deasserted Reading 672 Threshold 192 RPM 32 05082026 061831 Fan FAN5RSpeed Lower Critical going low Deasserted Reading 384 Threshold 192 RPM
A35: 9000 | B35: 100001826--30 | C35: 30228519 | E35: 6210 C21 | F35: 6102117004309917 | H35: 2026-ck-srv-062954 | I35: TXM-OP205初检前测 | J35: 吴伊彬 | K35: 2026-05-09 09:26:01 | L35: 停用字节_黑白名单检查 | M35: 停用字节_黑白名单检查_内存ECC报错 | N35: 吴伊彬 | O35: 何向丰 桐乡 | P35: 2026-05-09 10:40:00 | Q35: 更换内存 | S35: 内存 | T35: 物料问题 | W35: 更换P1_C0_D0 | X35: B5000010 | Y35: MI MTC20F2085S1RC56BD2 D5 56R 32G内存-B02 | AB35: 04 | AC35: B500001060021007 | AD35: 802C0F253552810F3F | AE35: B500001060020952 | AF35: 802C0F2535527407CC | AH35: P1_C0_D0 | AI35: 安冰滑 | AJ35: NG | AK35: 内存ECC报错，外观无异常 | AM35: 095TOUTI01 | AS35: 2e 05082026 183612 Memory P1C0D0Status Correctable ECC Deasserted 35 05082026 191205 Memory P1C0D0Status Memory Device Disabled Deasserted 41 05082026 193655 Memory P1C0D0Status Memory Device Disabled Deasserted 16 05082026 174717 Memory P1C0D0Status Correctable ECC Asserted 2b 05082026 182642 Memory P1C0D0Status Correctable ECC Asserted 2c 05082026 182709 Memory P1C0D0Status Correctable ECC Asserted
A36: 9000 | B36: 100001826--30 | C36: 30228519 | E36: 6210 C21 | F36: 6102117004309890 | H36: 2026-ck-srv-062927 | I36: TXM-OP210老化测试 | J36: 吴伊彬 | K36: 2026-05-09 13:22:41 | L36: 停用字节_EGS DC测试-5LOOP | M36: 停用字节_EGS DC测试-5LOOP_硬盘链路报错 | N36: 吴伊彬 | O36: 何向丰 桐乡 | P36: 2026-05-09 13:46:32 | Q36: 更换硬盘 | S36: 硬盘 | T36: 物料问题 | W36: 交叉跟着硬盘走，更换nvme16 | X36: B5400017 | Y36: SDM SSDPF2KX076T1 7.68T 2.5-E4x4 RSSDB02 | AB36: 03 | AC36: B540001760178375 | AD36: BTAX612209EB7P6DGN | AE36: B540001760178189 | AF36: BTAX61220BKZ7P6DGN | AH36: nvme16 | AI36: 安冰滑 | AJ36: NG | AK36: 厂商复测Fail | AM36: 095TOUTI01 | AS36: Sat May 9 110443 2026 nvme nvme16 Failed to configure AEN cfg 300 May 9 110512 bytedancehostv13 kernel 6608338 T96 nvme nvme16 Failed to configure AEN cfg 300 15 05092026 025618 Critical Interrupt PCIEStatus Bus Uncorrectable error BDF 000000 Deasserted 12 05092026 013246 Drive Slot Bay NVMEStatus Drive Fault Drive Slot04 Asserted 2a 05092026 030402 Drive Slot Bay NVMEStatus Drive Fault Drive Slot16 Asserted
A37: 9000 | B37: 100001826--30 | C37: 30228520 | E37: 6210 C21 | F37: 6102117004312881 | H37: 2026-ck-srv-063126 | I37: TXM-OP210老化测试 | J37: 吴伊彬 | K37: 2026-05-11 11:16:27 | L37: 字节_[客户定制][字节]混合压测1H与DC测试 | M37: 字节_[客户定制][字节]混合压测1H与DC测试_硬盘容量异常 | N37: 吴伊彬 | O37: 何向丰 桐乡 | P37: 2026-05-11 14:11:46 | Q37: 更换硬盘 | S37: 硬盘 | T37: 物料问题 | W37: 更换NVME14 | X37: B5400017 | Y37: SDM SSDPF2KX076T1 7.68T 2.5-E4x4 RSSDB02 | AB37: 03 | AC37: B540001760180302 | AD37: BTAX61220BXV7P6DGN | AE37: B540001760178194 | AF37: BTAX61220BMY7P6DGN | AH37: NVME14 | AI37: 安冰滑 | AJ37: NG | AK37: 厂商复测Fail | AM37: 095TOUTI01 | AS37: check disk smart fail custom toutiao task fail
A38: 9000 | B38: 100001832--20 | C38: 30228541 | E38: 6310 C21L | F38: 6102264704305190 | H38: 2026-ck-srv-062628 | I38: TXM-OP205初检前测 | J38: 吴伊彬 | K38: 2026-05-09 13:09:49 | L38: 停用字节_检查项FRU | M38: 停用字节_检查项FRU_背板FRU读取不到 | N38: 吴伊彬 | O38: 何向丰 桐乡 | P38: 2026-05-09 14:06:47 | Q38: 更换硬盘数据线 | S38: 数据线 | T38: 物料问题 | W38: 交叉数据线验证跟着走，更换上层数据线,20260106 | AG38: 37001772 | AS38: Test Failure
A39: 9000 | B39: 100001832--20 | C39: 30228541 | E39: 6310 C21L | F39: 6102264704305190 | H39: 2026-ck-srv-062628 | I39: TXM-OP205初检前测 | J39: 吴伊彬 | K39: 2026-05-08 14:17:23 | L39: 停用字节_检查项FRU | M39: 停用字节_检查项FRU_背板FRU读取不到 | N39: 吴伊彬 | O39: 何向丰 桐乡 | P39: 2026-05-08 14:49:43 | Q39: 重装背板 | S39: 背板 | T39: 疑似接触不良问题 | U39: 24002986 | W39: 交叉上层背板3/2，重插信号线 | AS39: Test Failure
A40: 9000 | B40: 100001832--20 | C40: 30228541 | E40: 6310 C21L | F40: 6102264704305173 | H40: 2026-ck-srv-062611 | I40: TXM-OP205初检前测 | J40: 吴伊彬 | K40: 2026-05-09 09:19:44 | L40: 停用字节_BytedQC 前测 PreTest | M40: 停用字节_BytedQC 前测 PreTest_硬盘报错 | N40: 吴伊彬 | O40: 何向丰 桐乡 | P40: 2026-05-09 10:38:13 | Q40: 更换硬盘 | S40: 硬盘 | T40: 物料问题 | W40: 交叉跟着硬盘走，更换HDD11 | X40: 54001223 | Y40: 希捷 ST8000NM017B 8T 7.2k 3.5SATA 6G硬盘-B02 | AB40: 03 | AC40: 5400122360100772 | AD40: WWZBJS42 | AE40: 5400122360102771 | AF40: WWZBGHBD | AH40: HDD11 | AI40: 安冰滑 | AJ40: NG | AK40: 硬盘报错，外观无异常 | AM40: 095TOUTI01 | AS40: Test Failure
A41: 9000 | B41: 100001832--20 | C41: 30228541 | E41: 6310 C21L | F41: 6102264704305173 | H41: 2026-ck-srv-062611 | I41: TXM-OP210老化测试 | J41: 吴伊彬 | K41: 2026-05-08 15:55:32 | L41: 停用字节_BytedQC 压测 Runin | M41: 停用字节_BytedQC 压测 Runin_硬盘识别不全 | N41: 吴伊彬 | O41: 何向丰 桐乡 | P41: 2026-05-08 16:48:04 | Q41: 重插数据线 | S41: 数据线 | T41: 疑似接触不良问题 | U41: 37001772 | W41: 重插交叉硬盘无效，重插硬盘数据线 | AS41: Test Failure
A42: 9000 | B42: 100001832--10 | C42: 30228377 | E42: 6310 C21L | F42: 6102264704305209 | H42: 2026-ck-srv-062595 | I42: TXM-OP210老化测试 | J42: 吴伊彬 | K42: 2026-05-08 16:53:23 | L42: 停用字节_AC测试-10LOOP | M42: 停用字节_AC测试-10LOOP_内存MCE报错 | N42: 何向丰 | O42: 吴伊彬 桐乡 | P42: 2026-05-08 18:29:18 | Q42: 更换内存 | S42: 内存 | T42: 物料问题 | W42: 更换P0-C6-D0 | X42: B5000026 | Y42: CX CXMR4E464R8AS DDR5 56R 64G内存-B02 | AB42: 04 | AC42: B500002660435639 | AD42: 8A91502551B0205D82 | AE42: B500002660424460 | AF42: 8A91502550B0220D29 | AH42: P0-C6-D0 | AI42: 安冰滑 | AJ42: NG | AK42: 内存MCE报错，外观无异常 | AM42: 095TOUTI01 | AS42: Fri May 8 144657 2026 mce Hardware Error Machine check events logged Fri May 8 144657 2026 EDAC skx MC3 HANDLING MCE MEMORY ERROR Fri May 8 144657 2026 EDAC DEBUG skxmceoutputerror errcode0x00800x0090 SystemAddress0x2aa56a3f00 ProcessorSocketId0x0 MemoryControllerId0x3 ChannelAddress0x708e70a00 ChannelId0x0 RankAddress0x1c239c280 PhysicalRankId0x0 DimmSlotId0x0 DimmRankId0x0 Row0x501e Column0x4b0 Bank0x1 BankGroup0x6 ChipSelect0x0 retryrderrlog08808208 0000007a 4000000020000000 12c58002 800
A43: 9000 | B43: 100001832--20 | C43: 30228541 | E43: 6310 C21L | F43: 6102264704305198 | H43: 2026-ck-srv-062636 | I43: TXM-OP210老化测试 | J43: 吴伊彬 | K43: 2026-05-09 09:27:59 | L43: 停用字节_EGS混合压测-6H | M43: 停用字节_EGS混合压测-6H_PSU灯不亮 | N43: 吴伊彬 | O43: 何向丰 桐乡 | P43: 2026-05-09 10:38:52 | Q43: 更换电源 | S43: 电源 | T43: 物料问题 | W43: 交叉跟着走 更换psu0 | X43: 33000256 | Y43: 长城GW-CRPS1300D2WM白金1300W CRPS电源模块 | AB43: 02 | AC43: 33000256ASC26247 | AE43: 33000256ASG18145 | AH43: psu0 | AI43: 安冰滑 | AJ43: NG | AK43: 同机型配置下验证PSU灯不亮 | AM43: 095TOUTI01 | AS43: 32 05082026 153057 Power Supply PSU3Supply Predictive failure Asserted 32 05082026 153057 Power Supply PSU3Supply Predictive failure Asserted
A44: 9000 | B44: 100001858--10 | C44: 30229386 | E44: 6210 C31 | F44: 6102268004328656 | H44: 2026-ck-srv-063839 | I44: TXM-OP205初检前测 | J44: 吴伊彬 | K44: 2026-05-16 13:16:07 | L44: 硬件信息检查 | M44: 板卡硬件比对报错_PCIE带宽速率降低 | N44: 吴伊彬 | O44: 何向丰 桐乡 | P44: 2026-05-16 13:18:28 | Q44: 重插数据线 | S44: 数据线 | T44: 疑似接触不良问题 | U44: 37003518 | W44: 重插ocp网卡无效，重插ocp线缆 | AS44: PCI Local addr 00003b001 LnkCap 16GTsx8 LnkSta 16GTsx8 equal PCI Local addr 0000b8000 LnkCap 16GTsx8 LnkSta 16GTsx1 CPU LnkCap 32GTsx8 not equal PCI Local addr 0000b8001 LnkCap 16GTsx8 LnkSta 16GTsx1 CPU LnkCap 32GTsx8 not equal PCI0 Local Count 2 PCI0 check result fail PCI Local addr 00004c000 LnkCap 32GTsx4 LnkSta 32GTsx4 equal PCI Local addr 00004d000 LnkCap 32GTsx4 LnkSta 32GTsx4 equal PCI1 Local Count 2 PCI1 check result success PCI check result fail
A45: 9000 | B45: 100001858--10 | C45: 30229386 | E45: 6210 C31 | F45: 6102268004328596 | H45: 2026-ck-srv-063779 | I45: TXM-OP210老化测试 | J45: 吴伊彬 | K45: 2026-05-16 10:47:55 | L45: 字节_[客户定制][字节][长沙]轻量AC测试 | M45: 字节_[客户定制][字节][长沙]轻量AC测试_CPU CE报错 | N45: 吴伊彬 | O45: 何向丰 桐乡 | P45: 2026-05-16 11:47:55 | Q45: 重插CPU | S45: CPU | T45: 疑似接触不良问题 | U45: B6200020 | W45: CPU1 CE报错，重插CPU1 | AH45: CPU1 | AS45: SYSTEM SEL deassert 2 05 15 2026 14 25 34 Processor CPU1 Status Correctable machine check error Deasserted
A46: 9000 | B46: 100001831--20 | C46: 30228545 | E46: 6210 C31 | F46: 6102264304304320 | H46: 2026-ck-srv-062255 | I46: TXM-OP215综检后测 | J46: 吴伊彬 | K46: 2026-05-11 13:06:46 | L46: 字节_[字节][擎天]reboot 测试 | M46: 字节_[字节][擎天]reboot 测试_CPU CE报错 | N46: 吴伊彬 | O46: 何向丰 桐乡 | P46: 2026-05-11 13:07:51 | Q46: 更换CPU | S46: CPU | T46: 物料问题 | W46: 重插CPU0无效，更换CPU0 | X46: B6200021 | Y46: Intel 6759P-C 2.7G 64C 300W(B02) | AB46: 04 | AC46: B620002172637442 | AD46: 454Y54P800583 | AE46: B620002172645583 | AF46: 454Y54P800332 | AH46: CPU0 | AI46: 安冰滑 | AJ46: NG | AK46: CPU CE报错，外观无异常 | AM46: 095TOUTI01 | AS46: Test Failure
A47: 9000 | B47: XZJ2604890--10 | C47: 30229048 | E47: R420 G50 | F47: 9800196104311349 | G47: 30121864462 | I47: TXM-OP210老化测试 | J47: 吴伊彬 | K47: 2026-05-09 09:21:18 | L47: 硬盘固件刷新 | M47: 硬盘识别不全 | N47: 吴伊彬 | O47: 何向丰 桐乡 | P47: 2026-05-11 14:10:55 | Q47: 更换HBA卡 | R47: QC5 | S47: HBA卡 | T47: 物料问题 | W47: 重插无效更换HBA卡 | X47: 24003226 | Y47: Stars 2120-8i -E3x8 SE SAS 12Gb HBA卡 | AB47: 04 | AC47: 24003226BHH00151 | AD47: P02010020BH17192 | AE47: 24003226BHV00015 | AF47: P02010020BH09671 | AI47: 安冰滑 | AJ47: NG | AK47: 二次上线报错
A48: 9000 | B48: 100001840--30 | C48: 30228731 | E48: 6220 C31 | F48: 6102265104305004 | H48: 2026-ck-srv-062591 | I48: TXM-OP205初检前测 | J48: 吴伊彬 | K48: 2026-05-08 16:05:34 | L48: 停用字节_[擎天]老化功能测试 | M48: 停用字节_[擎天]老化功能测试_内存不全 | N48: 吴伊彬 | O48: 何向丰 桐乡 | P48: 2026-05-08 16:21:44 | Q48: 重插CPU | S48: CPU | T48: 疑似接触不良问题 | U48: B6200022 | W48: node0：重插交叉内存无效，重组CPU0 | AH48: CPU0
A49: 9000 | B49: 100001840--10 | C49: 30228525 | E49: 6220 C31 | F49: 6102265104304999 | H49: 2026-ck-srv-062499 | I49: TXM-OP200老化初检 | J49: 吴伊彬 | K49: 2026-05-08 11:03:47 | L49: 停用字节_老化前测fail | M49: 停用字节_老化前测fail_DPU网卡光纤灯不亮 | N49: 吴伊彬 | O49: 何向丰 桐乡 | P49: 2026-05-08 11:48:26 | Q49: 更换DPU智能网卡 | R49: QC2 | S49: DPU智能网卡 | T49: 物料问题 | W49: 重插DPU网卡无效，交叉跟着网卡走，更换DPU网卡 | X49: 24003786 | Y49: WGS 火山引擎 双口100G O3L DSFP SPI SSD智能网卡-B02 | AB49: 04 | AC49: 2400378660003223 | AD49: EM4C20000J40011 | AE49: 2400378660003500 | AF49: EM5BF000SS40012 | AH49: DPU | AI49: 安冰滑 | AJ49: NG | AK49: DPU网卡二次上线光纤灯不亮 | AM49: 095TOUTI01
A50: 9000 | B50: 100001840--10 | C50: 30228525 | E50: 6220 C31 | F50: 6102265104305000 | H50: 2026-ck-srv-062500 | I50: TXM-OP210老化测试 | J50: 吴伊彬 | K50: 2026-05-11 11:07:47 | L50: 字节_[字节][擎天]混合压测 | M50: 字节_[字节][擎天]混合压测_CPU CE报错 | N50: 吴伊彬 | O50: 何向丰 桐乡 | P50: 2026-05-11 11:12:59 | Q50: 重插CPU | S50: CPU | T50: 疑似接触不良问题 | U50: B6200022 | W50: node1：CPU0 CE报错，重插CPU0 | AH50: CPU0
A51: 9000 | B51: 100001840--20 | C51: 30228527 | E51: 6220 C31 | F51: 6102265104305009 | H51: 2026-ck-srv-062561 | I51: TXM-OP210老化测试 | J51: 吴伊彬 | K51: 2026-05-11 10:23:00 | L51: 字节_[客户定制][字节]混合压测1H与REBOOT 4LOOP | M51: 字节_[客户定制][字节]混合压测1H与REBOOT 4LOOP_内存Correctable ECC | N51: 吴伊彬 | O51: 何向丰 桐乡 | P51: 2026-05-11 11:08:52 | Q51: 更换内存 | S51: 内存 | T51: 物料问题 | W51: node1：更换P0_C0_D0_N1 | X51: B5000057 | Y51: MI MTC40F204WS1RC64BC1 D5 64R 96G内存-B02 | AB51: 04 | AC51: B500005760000768 | AD51: 802C0F25205015BB2B | AE51: B500005760004973 | AF51: 802C0F254854903184 | AH51: P0_C0_D0_N1 | AI51: 安冰滑 | AJ51: NG | AK51: 内存Correctable ECC，外观无异常 | AM51: 095TOUTI01
A52: 9000 | B52: 100001828--90 | C52: 30228121 | E52: 6410 X21 | F52: 6102228104301001 | I52: TXM-OP210老化测试 | J52: 刘才来 | K52: 2026-05-09 07:29:54 | L52: 停用字节_[TMS/JHS]压力测试 | M52: 停用字节_[TMS/JHS]压力测试_PCIE链路报错 | N52: 刘才来 | O52: 张义松 桐乡 | P52: 2026-05-09 07:33:05 | Q52: 重插GPU卡 | S52: GPU | T52: 疑似接触不良问题 | U52: B2400017 | W52: slot10/5 | AH52: slot10
A53: 9000 | B53: 100001828--90 | C53: 30228123 | E53: 6410 X21 | F53: 6102228104304236 | I53: TXM-OP210老化测试 | J53: 刘才来 | K53: 2026-05-09 07:29:08 | L53: 停用字节_黑白名单检查_压测 | M53: 停用字节_黑白名单检查_压测_GPU无温度 | N53: 刘才来 | O53: 张义松 桐乡 | P53: 2026-05-09 07:31:25 | Q53: 重插GPU卡 | S53: GPU | T53: 疑似接触不良问题 | U53: B2400017 | W53: 交叉 slot11/5 供电线slot11/7 | AH53: slot11
A54: 9000 | B54: 100001828--120 | C54: 30228125 | E54: 6410 X21 | F54: 6102228104309936 | I54: TXM-OP205初检前测 | J54: 刘才来 | K54: 2026-05-08 22:44:13 | L54: 停用字节_[千岛湖]BOX FRU信息检查V3 | M54: 停用字节_[千岛湖]BOX FRU信息检查V3_PCIE识别不全 | N54: 刘才来 | O54: 张义松 桐乡 | P54: 2026-05-08 23:10:54 | Q54: 重插GPU卡 | S54: GPU | T54: 疑似接触不良问题 | U54: B2400017 | W54: 交叉SLOT6/4 | AH54: SLOT6
A55: 9000 | B55: 100001828--90 | C55: 30228119 | E55: 6410 X21 | F55: 6102228104300964 | I55: TXM-OP210老化测试 | J55: 刘才来 | K55: 2026-05-08 06:20:28 | L55: 停用字节_[TMS/JHS]压力测试 | M55: 停用字节_[TMS/JHS]压力测试_GPU报错 | N55: 刘才来 | O55: 张义松 桐乡 | P55: 2026-05-08 06:51:53 | Q55: 更换GPU卡 | S55: GPU | T55: 物料问题 | W55: 交叉跟着走 更换 SLOT4 | X55: B2400017 | Y55: 九华山 火山引擎JHS33211-9 E4x16视频加速卡-B02 | AB55: 04 | AC55: B240001760037615 | AD55: 8SSTA7C06719L7HF63D02MH | AE55: B240001760036606 | AF55: 8SSTA7C06719L7HF63D059D | AH55: SLOT4 | AI55: 安冰滑 | AJ55: NG | AK55: GPU报错，外观无异常 | AM55: 095TOUTI01
A56: 9000 | B56: 100001828--90 | C56: 30228123 | E56: 6410 X21 | F56: 6102228104304179 | I56: TXM-OP210老化测试 | J56: 刘才来 | K56: 2026-05-08 22:45:25 | L56: 停用字节_[TMS/JHS]压力测试 | M56: 停用字节_[TMS/JHS]压力测试_GPU报错 | N56: 刘才来 | O56: 张义松 桐乡 | P56: 2026-05-08 23:00:54 | Q56: 更换GPU卡 | S56: GPU | T56: 物料问题 | W56: 交叉GPU验证跟着走 更换SLOT5 | X56: B2400017 | Y56: 九华山 火山引擎JHS33211-9 E4x16视频加速卡-B02 | AB56: 04 | AC56: B240001760037873 | AD56: 8SSTA7C06719L7HF6370116 | AE56: B240001760045304 | AF56: 8SSTA7C06719L7HF63D0481 | AH56: SLOT5 | AI56: 安冰滑 | AJ56: NG | AK56: GPU报错，外观无异常 | AM56: 095TOUTI01
A57: 9000 | B57: 100001781--60 | C57: 30227560 | E57: 6410 X21 | F57: 6102228104323771 | I57: TXM-OP205初检前测 | J57: 刘才来 | K57: 2026-05-15 22:22:12 | L57: 字节_[客户定制][字节]黑白名单检查_前测 | M57: 字节_[客户定制][字节]黑白名单检查_前测_PCIE链路报错 | N57: 刘才来 | O57: 张义松 桐乡 | P57: 2026-05-15 22:57:47 | Q57: 更换GPU底板 | S57: 底板 | T57: 物料问题 | W57: 更换底板 | X57: 24004449 | Y57: R12E6-4EM6-H-U4_C01_MPS_1拖2_SCC(B02-QDH) | AB57: 04 | AC57: 24004449BHK04245 | AD57: S121753261200797 | AE57: 24004449BHK05097 | AF57: S121753261300271 | AM57: 095TOUTI01
A58: 9000 | B58: 100001781--50 | C58: 30227597 | E58: 6210 C21 BOX | F58: 6102228404304831 | H58: 2026-ck-srv-062483 | I58: TXM-OP205初检前测 | J58: 刘才来 | K58: 2026-05-08 06:19:02 | L58: 停用字节_黑白名单检查_前测 | M58: 停用字节_黑白名单检查_前测_硬盘内部报错 | N58: 刘才来 | O58: 张义松 桐乡 | P58: 2026-05-08 06:53:37 | Q58: 更换硬盘 | S58: 硬盘 | T58: 物料问题 | W58: 交叉硬盘验证跟着硬盘走 更换nvme0 | X58: B5400016 | Y58: SDM SSDPF2KX038T1 3.84T 2.5-E4x4 RSSDB02 | AB58: 03 | AC58: B540001660112607 | AD58: BTAX5422099R3P8CGN | AE58: B540001660111908 | AF58: BTAX5416034J3P8CGN | AH58: nvme0 | AI58: 安冰滑 | AJ58: NG | AK58: 厂商复测Fail | AM58: 095TOUTI01 | AS58: fail health check fatal
A59: 9000 | B59: 100001828--80 | C59: 30228122 | E59: 6210 C21 BOX | F59: 6102228404304281 | H59: 2026-ck-srv-062243 | I59: TXM-OP205初检前测 | J59: 刘才来 | K59: 2026-05-10 21:36:22 | L59: 字节_[字节][千岛湖]BOX测试前BMC设置设置V2 | M59: 字节_[字节][千岛湖]BOX测试前BMC设置设置V2_无法获取BMC IP | N59: 刘才来 | O59: 张义松 桐乡 | P59: 2026-05-10 21:38:03 | Q59: 更换信号线 | S59: 信号线 | T59: 物料问题 | W59: 重插无效 更换信号线 20260122 | AG59: 37002572 | AS59: Test Failure
A60: 9000 | B60: 100001828--80 | C60: 30228120 | E60: 6210 C21 BOX | F60: 6102228404301155 | H60: 2026-ck-srv-062094 | I60: TXM-OP210老化测试 | J60: 刘才来 | K60: 2026-05-10 23:49:34 | L60: 字节_[客户定制][字节][TMS/JHS]压力测试 | M60: 字节_[客户定制][字节][TMS/JHS]压力测试_GPU链路报错 | N60: 刘才来 | O60: 张义松 桐乡 | P60: 2026-05-10 23:54:50 | Q60: 重插数据线 | S60: MCIO线缆 | T60: 疑似接触不良问题 | U60: 37002293 | W60: CDFP4链路报错 重插J76 J79 | AS60: 230 Bus Correctable error 20260510 200818 mainBlackListTest INFO line616 cmd lsblk ndp awk nvmediskprint 1 20260510 200818 mainBlackListTest INFO line48 Run Cmd lsblk ndp awk nvmediskprint 1 20260510 200818 mainBlackListTest INFO line54 Return 0 20260510 200818 mainBlackListTest INFO line59 output devnvme1n1 Health test FAIL ERROR Health check fail RESULT FAIL End at 20260510 200842 20260510 200907info PCIE 20260510 200907info PACKAGE SH10T13E42GAS FAIL
A61: 9000 | B61: 100001828--50 | C61: 30228103 | E61: 6210 C21 BOX | F61: 6102228404323859 | H61: 2026-ck-srv-063726 | I61: TXM-OP205初检前测 | J61: 刘才来 | K61: 2026-05-14 23:41:00 | L61: 字节_[字节][千岛湖]BOX FRU信息检查V3 | M61: 字节_[字节][千岛湖]BOX FRU信息检查V3_GPU不识别 | N61: 刘才来 | O61: 张义松 桐乡 | P61: 2026-05-14 23:44:15 | Q61: 重插数据线 | S61: 数据线 | T61: 疑似接触不良问题 | U61: 37002322 | W61: 丢CDFP1/5的GPU 重插MCIO线 J24 J25 J80 J87 | AS61: Test Failure
A62: 9000 | B62: 100001828--50 | C62: 30228103 | E62: 6210 C21 BOX | F62: 6102228404323851 | H62: 2026-ck-srv-063718 | I62: TXM-OP205初检前测 | J62: 刘才来 | K62: 2026-05-15 06:30:53 | L62: 字节_[字节][千岛湖]BOX FRU信息检查V3 | M62: 字节_[字节][千岛湖]BOX FRU信息检查V3_GPU不识别 | N62: 刘才来 | O62: 张义松 桐乡 | P62: 2026-05-15 06:59:42 | Q62: 更换retimer卡 | S62: Retimer卡 | T62: 物料问题 | W62: 交叉retimer卡跟着走 更换retimer卡3 | X62: 24003586 | Y62: R1E6-M-U4 A01 Retimer卡(Montage)(B02-QDH) | AB62: 04 | AC62: 2400358660298336 | AD62: C0112602HT307260354572 | AE62: 2400358660298549 | AF62: C0112602HT307260353849 | AH62: retimer卡3 | AI62: 安冰滑 | AJ62: NG | AK62: GPU不识别，外观无异常 | AM62: 095TOUTI01 | AS62: Test Failure
A63: 9000 | B63: 100001828--110 | C63: 30228126 | E63: 6210 C21 BOX | F63: 6102228404312978 | H63: 2026-ck-srv-063023 | I63: TXM-OP210老化测试 | J63: 刘才来 | K63: 2026-05-12 23:10:11 | L63: 字节_[字节][千岛湖]AC测试V2 | M63: 字节_[字节][千岛湖]AC测试V2_内存Correctable ECC | N63: 刘才来 | O63: 张义松 桐乡 | P63: 2026-05-12 23:34:35 | Q63: 更换内存 | S63: 内存 | T63: 物料问题 | W63: 更换P1_C4_D0 | X63: B5000026 | Y63: CX CXMR4E464R8AS DDR5 56R 64G内存-B02 | AB63: 04 | AC63: B500002660434557 | AD63: 8A91502550B02114DC | AE63: B500002660424387 | AF63: 8A91502551B0205314 | AH63: P1_C4_D0 | AI63: 安冰滑 | AJ63: NG | AK63: 内存ECC报错，外观无异常 | AM63: 095TOUTI01 | AS63: Tue May 12 170800 2026 mce Hardware Error Machine check events logged Tue May 12 170800 2026 EDAC skx MC6 HANDLING MCE MEMORY ERROR Tue May 12 170800 2026 EDAC MC6 18869 CE memory scrubbing error on CPUSrcID1MC2Chan0DIMM0 channel0 slot0 page0xa073495 offset0xc00 grain32 syndrome0x0 errcode0x00080x00c0 ProcessorSocketId0x1 MemoryControllerId0x2 PhysicalRankId0x0 Row0x38c9 Column0x7f0 Bank0x2 BankGroup0x5 Tue May 12 170800 2026 1Hardware Error Hardware error from APEI Generic Hardware Error Sour
A64: 9000 | B64: 100001826--20 | C64: 30228517 | E64: 6210 C21 | F64: 6102117004304161 | H64: 2026-ck-srv-062412 | I64: TXM-OP210老化测试 | J64: 刘才来 | K64: 2026-05-08 20:47:49 | L64: 停用字节_黑白名单检查 | M64: 停用字节_黑白名单检查_硬盘报错 | N64: 刘才来 | O64: 张义松 桐乡 | P64: 2026-05-08 21:49:00 | Q64: 更换硬盘 | S64: 硬盘 | T64: 物料问题 | W64: 更换NVME13 | X64: B5400017 | Y64: SDM SSDPF2KX076T1 7.68T 2.5-E4x4 RSSDB02 | AB64: 03 | AC64: B540001760170041 | AD64: BTAX6075030T7P6DGN | AE64: B540001760178208 | AF64: BTAX61220DRP7P6DGN | AH64: NVME13 | AI64: 安冰滑 | AJ64: NG | AK64: 厂商复测Fail | AM64: 095TOUTI01 | AS64: Test Failure
A65: 9000 | B65: 100001862--20 | C65: 30229008 | E65: 6210 C21 | F65: 6102192404317443 | H65: 2026-ck-srv-063494 | I65: TXM-OP210老化测试 | J65: 刘才来 | K65: 2026-05-14 22:55:07 | L65: 字节_[客户定制][字节]REBOOT 1LOOP | M65: 字节_[客户定制][字节]REBOOT 1LOOP_网卡降速 | N65: 刘才来 | O65: 张义松 桐乡 | P65: 2026-05-14 22:57:07 | Q65: 重插数据线 | S65: 数据线 | T65: 疑似接触不良问题 | U65: 37001838 | W65: 重插OCP线缆 | AS65: 4 05142026 124641 OEM record cd 00b3dd bacc02030000 Current PCIe devices do not match PCIe topology check black keys fail check pcie fail custom toutiao task fail
A66: 9000 | B66: 100001826--30 | C66: 30228519 | E66: 6210 C21 | F66: 6102117004309890 | H66: 2026-ck-srv-062927 | I66: TXM-OP210老化测试 | J66: 刘才来 | K66: 2026-05-10 23:43:17 | L66: 字节_[客户定制][字节]混合压测1H与DC测试 | M66: 字节_[客户定制][字节]混合压测1H与DC测试_硬盘降速 | N66: 刘才来 | O66: 张义松 桐乡 | P66: 2026-05-10 23:53:08 | Q66: 重插数据线 | S66: 数据线 | T66: 疑似接触不良问题 | U66: 37001621 | W66: M.2硬盘降速 重插数据线 | AS66: check pcie fail custom toutiao task fail
A67: 9000 | B67: 100001832--20 | C67: 30228541 | E67: 6310 C21L | F67: 6102264704305190 | H67: 2026-ck-srv-062628 | I67: TXM-OP205初检前测 | J67: 刘才来 | K67: 2026-05-09 07:44:54 | L67: 停用字节_检查项FRU | M67: 停用字节_检查项FRU_FRU信息识别不全 | N67: 张义松 | O67: 刘才来 桐乡 | P67: 2026-05-09 07:59:23 | Q67: 重插信号线 | S67: 信号线 | T67: 疑似接触不良问题 | U67: 37001772 | W67: 交叉 上下层信号线 | AS67: Test Failure
A68: 9000 | B68: 100001858--10 | C68: 30229386 | E68: 6210 C31 | F68: 6102268004328618 | H68: 2026-ck-srv-063801 | I68: TXM-OP210老化测试 | J68: 刘才来 | K68: 2026-05-15 22:23:42 | L68: 字节_[字节][擎天]BIOS 选项检查 | M68: 字节_[字节][擎天]BIOS 选项检查_内存Correctable ECC | N68: 刘才来 | O68: 张义松 桐乡 | P68: 2026-05-15 22:41:58 | Q68: 更换内存 | S68: 内存 | T68: 物料问题 | W68: 更换P1-C6-D1 | X68: B5000054 | Y68: SA M321R8GA0EB2-CCP DDR5 64R 64G内存-B02 | AB68: 04 | AC68: B500005460067272 | AD68: 80CE04261143C85B3E | AE68: B500005460046407 | AF68: 80CE042602434F726E | AH68: P1-C6-D1 | AM68: 095TOUTI01 | AS68: Test Failure
A69: 9000 | B69: XZJ2604890--10 | C69: 30229048 | E69: R420 G50 | F69: 9800196104311349 | G69: 30121864462 | I69: TXM-OP210老化测试 | J69: 刘才来 | K69: 2026-05-12 00:08:44 | L69: 磁盘smart信息检查 | M69: 磁盘smart信息检测_UDMA_CRC_Error_Count | N69: 刘才来 | O69: 张义松 桐乡 | P69: 2026-05-12 00:41:27 | Q69: 重插硬盘 | S69: 硬盘 | T69: 疑似接触不良问题 | U69: K5400164 | AH69: HDD1/2
A70: 9000 | B70: 100001828--120 | C70: 30228131 | E70: 6410 X21 | F70: 6102228104316629 | I70: TXM-OP205初检前测 | J70: 张义松 | K70: 2026-05-12 22:31:59 | L70: 字节_[字节][千岛湖]BF3mini FW版本检查 | M70: 字节_[字节][千岛湖]BF3mini FW版本检查_BF3mini FW版本错误 | N70: 张义松 | O70: 刘才来 桐乡 | P70: 2026-05-12 22:36:19 | Q70: 重插智能网卡 | S70: BF3智能网卡 | T70: 疑似接触不良问题 | U70: 24003699 | W70: slot9/3 | AH70: slot9
A71: 9000 | B71: 100001828--120 | C71: 30228129 | E71: 6410 X21 | F71: 6102228104315783 | I71: TXM-OP205初检前测 | J71: 张义松 | K71: 2026-05-11 21:08:01 | L71: 字节_[客户定制][字节]检查项NIC | M71: 字节_[客户定制][字节]检查项NIC_网卡不识别 | N71: 张义松 | O71: 刘才来 桐乡 | P71: 2026-05-11 21:46:17 | Q71: 重插智能网卡 | S71: BF3智能网卡 | T71: 疑似接触不良问题 | U71: 24003699 | W71: 交叉SLOT9/3 | AH71: SLOT9
A72: 9000 | B72: 100001781--60 | C72: 30227558 | E72: 6410 X21 | F72: 6102228104322476 | I72: TXM-OP210老化测试 | J72: 张义松 | K72: 2026-05-15 22:53:16 | L72: 字节_[客户定制][字节][TMS/JHS]压力测试 | M72: 字节_[客户定制][字节][TMS/JHS]压力测试_GPU性能不达标 | N72: 张义松 | O72: 刘才来 桐乡 | P72: 2026-05-15 22:54:05 | Q72: 重插GPU卡 | S72: GPU | T72: 疑似接触不良问题 | U72: B2400017 | W72: 重插SLOT0 | AH72: SLOT0
A73: 9000 | B73: 100001828--120 | C73: 30228133 | E73: 6410 X21 | F73: 6102228104317302 | I73: TXM-OP210老化测试 | J73: 张义松 | K73: 2026-05-15 22:52:05 | L73: 字节_[客户定制][字节]黑白名单检查_压测 | M73: 字节_[客户定制][字节]黑白名单检查_压测_GPU链路报错 | N73: 张义松 | O73: 刘才来 桐乡 | P73: 2026-05-15 22:54:41 | Q73: 重插GPU卡 | S73: GPU | T73: 疑似接触不良问题 | U73: B2400017 | W73: 重插SLOT1 | AH73: SLOT1
A74: 9000 | B74: 100001828--60 | C74: 30228106 | E74: 6410 X21 | F74: 6102228104323789 | I74: TXM-OP205初检前测 | J74: 张义松 | K74: 2026-05-15 22:23:03 | L74: 字节_[客户定制][字节]黑白名单检查_前测 | M74: 字节_[客户定制][字节]黑白名单检查_前测_PCIE链路报错 | N74: 张义松 | O74: 刘才来 桐乡 | P74: 2026-05-15 22:24:14 | Q74: 重插GPU卡 | S74: GPU | T74: 疑似接触不良问题 | U74: B2400017 | W74: 重插SLOT10/11 | AH74: SLOT10/11
A75: 9000 | B75: 100001828--110 | C75: 30228126 | E75: 6210 C21 BOX | F75: 6102228404313010 | H75: 2026-ck-srv-063055 | I75: TXM-OP205初检前测 | J75: 张义松 | K75: 2026-05-10 01:12:07 | L75: 停用字节_BF3串口通信检查 | M75: 停用BF3串口检查失败 | N75: 张义松 | O75: 刘才来 桐乡 | P75: 2026-05-10 01:16:04 | Q75: 重插智能网卡 | S75: BF3智能网卡 | T75: 疑似接触不良问题 | U75: B2400016 | W75: 重插BF3网卡，整理数据线 | AH75: BF3网卡 | AS75: All serial port test FAIL test result FAIL RESULT FAIL
A76: 9000 | B76: 100001828--110 | C76: 30228126 | E76: 6210 C21 BOX | F76: 6102228404312978 | H76: 2026-ck-srv-063023 | I76: TXM-OP205初检前测 | J76: 张义松 | K76: 2026-05-10 01:12:47 | L76: 停用字节_BF3串口通信检查 | M76: 停用BF3串口检查失败 | N76: 张义松 | O76: 刘才来 桐乡 | P76: 2026-05-10 01:15:09 | Q76: 重插智能网卡 | S76: BF3智能网卡 | T76: 疑似接触不良问题 | U76: B2400016 | W76: 重插BF3网卡，整理数据线 | AH76: BF3网卡
A77: 9000 | B77: 100001862--20 | C77: 30229008 | E77: 6210 C21 | F77: 6102192404317443 | H77: 2026-ck-srv-063494 | I77: TXM-OP205初检前测 | J77: 张义松 | K77: 2026-05-13 06:17:23 | L77: 字节_[客户定制][字节]黑白名单检查_前测 | M77: 字节_[客户定制][字节]黑白名单检查_前测_网卡降带宽 | N77: 张义松 | O77: 刘才来 桐乡 | P77: 2026-05-13 06:20:41 | Q77: 重插CPU | S77: CPU | T77: 疑似接触不良问题 | U77: B6200004 | W77: 重插交叉网卡无效，交叉CPU | AH77: CPU0 | AS77: f 05122026 134338 Power Supply PSU0Supply Power Supply AC lost Asserted 10 05122026 134338 Power Supply RedundantPSU Redundancy Lost Asserted PSU0PIn 82h ok 100 0 Watts PSU0POut 84h ok 100 0 Watts PSU0IIn 2Dh ok 100 0 Amps PSU0IOut 2Fh ok 100 0 Amps fail health check fatal import e7010 80860b25 LinkCap na na LinkSta na na import e7020 80860cfe LinkCap na na LinkSta na na import f1000 808609a2 LinkCap na na LinkSta na na
A78: 9000 | B78: 100001840--10 | C78: 30228525 | E78: 6220 C31 | F78: 6102265104305000 | H78: 2026-ck-srv-062500 | I78: TXM-OP210老化测试 | J78: 张义松 | K78: 2026-05-11 21:09:08 | L78: 字节_[字节][擎天]混合压测 | M78: 字节_[字节][擎天]混合压测_CPU CE报错 | N78: 张义松 | O78: 刘才来 桐乡 | P78: 2026-05-11 21:47:15 | Q78: 重插CPU | S78: CPU | T78: 疑似接触不良问题 | U78: B6200022 | W78: node1：CPU0 CE报错，交叉CPU | AH78: CPU0
A79: 9000 | B79: 100001840--10 | C79: 30228525 | E79: 6220 C31 | F79: 6102265104305000 | H79: 2026-ck-srv-062500 | I79: TXM-OP215综检后测 | J79: 张义松 | K79: 2026-05-16 07:15:05 | L79: 字节_[字节][擎天]混合压测 | M79: 字节_[字节][擎天]混合压测_CPU CE报错 | N79: 张义松 | O79: 刘才来 桐乡 | P79: 2026-05-16 07:16:15 | Q79: 更换CPU | S79: CPU | T79: 物料问题 | W79: node0：交叉跟着CPU走，更换当前CPU0 | X79: B6200022 | Y79: Intel 6986P-C 2.9G 120C 550W CPU(B02) | AB79: 04 | AC79: B620002272639771 | AD79: 75EG192900139 | AE79: B620002272652323 | AF79: 75XM680800406 | AH79: CPU0 | AM79: 095TOUTI01
A80: 9000 | B80: 100001828--120 | C80: 30228127 | E80: 6410 X21 | F80: 6102228104312935 | I80: TXM-OP205初检前测 | J80: 何向丰 | K80: 2026-05-10 09:16:17 | L80: 停用字节_健康检查 | M80: 停用字节_健康检查_GPU带宽速率低 | N80: 何向丰 | O80: 吴伊彬 桐乡 | P80: 2026-05-10 09:53:38 | Q80: 重插GPU卡 | S80: GPU | T80: 疑似接触不良问题 | U80: B2400017 | W80: 交叉slot11/4 | AH80: SLOT11
A81: 9000 | B81: 100001828--120 | C81: 30228125 | E81: 6410 X21 | F81: 6102228104309944 | I81: TXM-OP205初检前测 | J81: 何向丰 | K81: 2026-05-08 18:33:13 | L81: 停用字节_健康检查 | M81: 停用字节_健康检查_GPU带宽速率低 | N81: 何向丰 | O81: 吴伊彬 桐乡 | P81: 2026-05-08 18:39:36 | Q81: 重插GPU卡 | S81: GPU | T81: 疑似接触不良问题 | U81: B2400017 | W81: 交叉slot4/7 | AH81: slot4
A82: 9000 | B82: 100001828--120 | C82: 30228133 | E82: 6410 X21 | F82: 6102228104317282 | I82: TXM-OP205初检前测 | J82: 何向丰 | K82: 2026-05-13 10:53:46 | L82: 字节_[字节][千岛湖]BF3mini FW版本检查 | M82: 字节_[字节][千岛湖]BF3mini FW版本检查_BF3mini FW版本错误 | N82: 何向丰 | O82: 吴伊彬 桐乡 | P82: 2026-05-13 10:55:52 | Q82: 重插网卡 | S82: 网卡 | T82: 疑似接触不良问题 | U82: 24003699 | W82: 交叉SLOT 2/8 | AH82: SLOT2
A83: 9000 | B83: 100001828--80 | C83: 30228120 | E83: 6210 C21 BOX | F83: 6102228404301183 | H83: 2026-ck-srv-062122 | I83: TXM-OP210老化测试 | J83: 何向丰 | K83: 2026-05-10 16:07:00 | L83: 停用字节_EGS混合压测-6H | M83: 停用字节_EGS混合压测-6H_CPU报错 | N83: 何向丰 | O83: 吴伊彬 桐乡 | P83: 2026-05-10 16:21:10 | Q83: 重插CPU | S83: CPU | T83: 疑似接触不良问题 | U83: B6200004 | W83: CPU0 mce报错 交叉CPU验证 | AH83: CPU0 | AS83: Sun May 10 144231 2026 mce Hardware Error Machine check events logged Sun May 10 144231 2026 mce Hardware Error Machine check events logged Sun May 10 144231 2026 1Hardware Error Hardware error from APEI Generic Hardware Error Source 0 Sun May 10 144231 2026 1Hardware Error It has been corrected by hw and requires no further action Sun May 10 144231 2026 1Hardware Error event severity corrected Sun May 10 144231 2026 1Hardware Error Error 0 type corrected Sun May 10 144231 2026 1Hardware Error
A84: 9000 | B84: 100001828--80 | C84: 30228122 | E84: 6210 C21 BOX | F84: 6102228404304258 | H84: 2026-ck-srv-062220 | I84: TXM-OP210老化测试 | J84: 何向丰 | K84: 2026-05-10 15:57:37 | L84: 停用字节_[千岛湖] BF3 HOST混合压力测试 | M84: 停用字节_[千岛湖] BF3 HOST混合压力测试_CPU报错 | N84: 何向丰 | O84: 吴伊彬 桐乡 | P84: 2026-05-10 15:59:15 | Q84: 重插CPU | S84: CPU | T84: 疑似接触不良问题 | U84: B6200004 | W84: CPU0 mce报错 交叉CPU验证 | AH84: CPU0 | AS84: Sat May 9 183703 2026 mce Hardware Error Machine check events logged Sat May 9 183703 2026 1Hardware Error Hardware error from APEI Generic Hardware Error Source 0 Sat May 9 183703 2026 1Hardware Error It has been corrected by hw and requires no further action Sat May 9 183703 2026 1Hardware Error event severity corrected Sat May 9 183703 2026 1Hardware Error Error 0 type corrected Sat May 9 183703 2026 1Hardware Error frutext Socket0 Sat May 9 183703 2026 1Hardware Error sectiontype
A85: 9000 | B85: 100001828--80 | C85: 30228120 | E85: 6210 C21 BOX | F85: 6102228404301155 | H85: 2026-ck-srv-062094 | I85: TXM-OP205初检前测 | J85: 何向丰 | K85: 2026-05-13 11:57:05 | L85: 字节_[字节][千岛湖]BOX FRU信息检查V3 | M85: 字节_[字节][千岛湖]BOX FRU信息检查V3_GPU不识别 | N85: 何向丰 | O85: 吴伊彬 桐乡 | P85: 2026-05-13 13:40:10 | Q85: 更换数据线 | S85: 数据线 | T85: 物料问题 | W85: PE指导更换数据线线缆J76/J79验证 | AG85: 37002293 | AH85: J76/J79 | AS85: Test Failure
A86: 9000 | B86: 100001832--10 | C86: 30228377 | E86: 6310 C21L | F86: 6102264704305213 | H86: 2026-ck-srv-062599 | I86: TXM-OP190保压测试 | J86: 何向丰 | K86: 2026-05-08 10:43:59 | L86: 保压测试失败 | M86: 停用_保压测试失败_漏气 | N86: 吴伊彬 | O86: 何向丰 桐乡 | P86: 2026-05-08 13:17:50 | Q86: 更换冷板 | S86: 冷板组件 | T86: 物料问题 | W86: 更换冷板 | X86: 3004550 | Y86: TS 1LP-081SVB1969 1U I EGS CPU 冷板组件 | AB86: 02 | AC86: 0300455030000412 | AE86: 0300455030000380 | AI86: 安冰滑 | AJ86: NG | AK86: 液冷管接口漏气 | AM86: 095TOUTI01
A87: 9000 | B87: 100001831--20 | C87: 30228545 | E87: 6210 C31 | F87: 6102264304304326 | H87: 2026-ck-srv-062261 | I87: TXM-OP210老化测试 | J87: 何向丰 | K87: 2026-05-08 08:25:15 | L87: 停用字节_Changsha 混合压测 | M87: 停用字节_Changsha 混合压测_硬盘I/O报错 | N87: 吴伊彬 | O87: 何向丰 桐乡 | P87: 2026-05-08 08:29:05 | Q87: 更换硬盘 | S87: 硬盘 | T87: 物料问题 | W87: 无法进系统 单硬盘验证为硬盘原因 更换nvme1 | X87: B5400047 | Y87: SA MZWL61T9HFLT 1.92T 2.5-E5x4 R SSD-B02 | AB87: 03 | AC87: B540004760004215 | AD87: S7LYNT0L108384 | AE87: B540004760004131 | AF87: S7LYNT0L100858 | AH87: nvme1 | AI87: 安冰滑 | AJ87: NG | AK87: 硬盘I/O报错，外观无异常 | AM87: 095TOUTI01 | AS87: Test Failure
A88: 9000 | B88: 100001840--30 | C88: 30228728 | E88: 6220 C31 | F88: 6102265104304987 | H88: 2026-ck-srv-062577 | I88: TXM-OP205初检前测 | J88: 何向丰 | K88: 2026-05-09 11:53:37 | L88: 停用字节_[擎天]老化功能测试 | M88: 停用字节_[擎天]老化功能测试_进风口温度异常 | N88: 何向丰 | O88: 吴伊彬 桐乡 | P88: 2026-05-09 11:54:53 | Q88: 重插信号线 | S88: 信号线 | T88: 疑似接触不良问题 | U88: 37003736 | W88: node0：重插I/O板信号线

Sheet Sheet3
